id,panorama_id,text,ocr_yaw,ocr_pitch,ocr_width,ocr_height,lat,lng,heading,pitch,roll
44759780,a6RwEhVk7qvbsY9qAVefRw,1502,-71.1,-1.14,1.67,1.45,40.62,-73.93,355.0,89.97,359.88
45010601,g0F27e1jBBoobNDxg7ErmA,1502,115.46,-4.3,1.24,0.48,40.63,-73.95,140.06,89.07,0.87
44918468,eGlVCWAxKhFgXIIHSX31Ig,1502,115.4,-0.17,1.65,0.62,40.59,-73.95,107.59,90.05,359.2
45196422,5_UOQK1eDwed9nHnP3sz-g,1502,-68.57,9.87,0.48,0.33,40.68,-73.93,273.36,89.81,0.7
45201092,qKYS7VMJBD83uIYOF2_f5g,1502,103.44,4.27,2.81,1.23,40.63,-73.96,82.29,87.73,0.29
45301032,CyjROND5WUY4jTTqAUD5EA,1502,34.5,2.31,1.25,0.76,40.63,-73.96,83.21,88.14,359.94
45301036,CyjROND5WUY4jTTqAUD5EA,1502,50.78,7.68,1.23,0.54,40.63,-73.96,83.21,88.14,359.94
45365218,lbRYjmmcJ8bXZZ-zDFUrzw,1502,131.44,-1.55,0.74,0.34,40.63,-73.99,128.56,88.93,359.77
45409288,P3TBj-NwQ5FpbDZb6EyYig,1502,114.29,0.66,1.09,0.48,40.58,-73.98,83.54,89.63,0.24
45448212,vGnEO3MyvrWxIUwNGDZleQ,1502,-109.3,-1.86,1.73,0.58,40.61,-73.98,351.4,88.93,359.57
45441143,6PlunsvuetpFLfI8Zguueg,1502,-10.37,-3.2,0.99,0.34,40.64,-73.95,174.99,90.42,358.37
45611236,oEFqlpAUvMvmZbZCoPejrw,1502,117.45,5.71,1.37,0.41,40.65,-73.97,339.0,90.47,0.04
45634903,igc6otMPzmWFsuxJorDk4Q,1502,81.78,2.21,1.49,1.1,40.62,-74.0,191.12,88.89,1.94
45646538,riPN_EwBgdKH-LQ7dtUTMQ,1502,-125.0,-5.4,1.0,0.48,40.62,-73.92,355.36,90.58,359.96
45831801,GkogVSQkKmlFFU1JggMhNg,1502,142.66,1.48,1.68,0.48,40.68,-73.94,185.76,90.39,0.53
46017008,OqXtca7-RlHIcYWSqP6CWQ,1502,73.34,-10.37,2.59,1.2,40.66,-73.98,122.31,88.21,359.82
46201530,b6j8pG2sYvuXuDW2KrUi8g,1502,90.55,5.64,1.79,0.82,40.67,-73.92,79.42,89.4,0.85
46345578,ndbohntVXCUt2iJX3cb6Aw,1502,37.43,3.65,0.84,0.27,40.65,-73.97,351.59,90.36,358.05
46343644,z0ZgxQS5Klq4brsjC0yjvg,1502,130.04,5.09,3.07,0.96,40.61,-73.98,128.77,90.14,359.15
46504744,wQZIjk0nDEA7m1AwcQOKWA,1502,114.88,-2.55,1.45,0.55,40.58,-73.98,86.35,90.29,1.08
46604990,F4qNCwzYOGZ_391G6LHRTQ,1502,-160.57,2.79,0.89,0.34,40.63,-73.96,265.34,92.49,359.61
46889503,zPh9gVdgZkb8KqfYlT-yUQ,1502,-166.1,2.96,1.11,0.41,40.63,-73.96,347.11,90.0,0.0
46927711,JzEAVfnhNLKUr9_LIlK0Bg,1502,-126.0,0.93,1.28,0.48,40.61,-73.98,351.66,91.0,359.81
47104255,w2pEFxkBb1LUTwuloRhAjQ,1502,129.32,-16.28,6.44,5.27,40.71,-73.95,25.65,89.27,0.94
47404866,NIP7_yc6jV0qnQMh6UZJyQ,1502,148.1,2.38,1.14,0.62,40.65,-73.97,166.79,90.07,1.46
47430960,IBNxUwpieGoIQ6_A0HuViA,1502,143.63,-0.48,1.62,0.84,40.61,-73.96,171.43,89.06,1.03
47479857,tvjbXG2mXdm4ruVlgJtclA,1502,61.73,6.62,1.49,0.54,40.65,-73.97,350.92,90.31,0.82
47684177,jcf2GaaHNIMuIIE7COyMlA,1502,88.78,9.06,1.74,0.48,40.65,-73.97,355.73,91.28,1.43
47684182,jcf2GaaHNIMuIIE7COyMlA,1502,88.79,8.46,1.72,0.47,40.65,-73.97,355.73,91.28,1.43
47663077,S-QOI1-cPuRpUOWEVS_mSA,1502,-132.83,1.76,0.76,0.34,40.61,-74.01,310.87,89.46,0.68
47667900,JAbNaoryO5E5lZsWdnsZIA,1502,146.87,-11.77,1.26,0.66,40.63,-73.97,346.97,91.1,1.25
47923414,70D9S-isGZhtYhbLpK-L5w,1502,92.31,-2.65,2.41,0.89,40.64,-73.98,126.49,89.88,359.37
47802277,uDPrmypZIat3Wn-56qbeZQ,1502,51.05,-2.72,0.68,0.34,40.63,-73.99,129.09,89.25,359.69
47925392,TtuKktL9iKpDZFD_eKgz7A,1502,95.54,0.1,3.65,1.4,40.61,-73.96,175.03,89.6,0.86
47989429,1spoG_3Q9D2q-roMT_quMw,1502,-61.76,-19.09,3.89,1.79,40.63,-74.0,218.05,91.33,359.85
48121146,7HhcrCcONJQ2XIuuQHVhyg,1502,60.16,6.29,1.33,0.51,40.65,-73.97,343.64,89.49,0.58
48137286,FsyWQSdBxjcBhb0KUHXsYg,1502,-92.18,-7.95,4.31,2.03,40.71,-73.93,257.32,90.14,0.4
48488752,AF1QipMoPdLQR40DXeymjGHKAZkGjXwAUHYPWV3AEz7u,1502,89.79,5.23,2.9,1.23,40.63,-73.96,60.61,87.57,0.9
48637046,nvga9Q-FjHuE8KktyQbfVQ,1502,-34.82,-14.68,2.85,1.79,40.69,-73.94,260.91,89.82,359.09
48642393,_HSmBqFxWf9eIlC8jNSLnA,1502,129.53,-13.31,3.42,2.03,40.7,-73.94,171.41,90.43,0.85
48666590,yAKgNdPNxIJ8NNFDYpD_yw,1502,-110.47,-4.06,2.14,0.69,40.68,-73.96,284.54,90.08,1.63
48668166,o_21e-UoZz2El551sPxw6g,1502,-24.96,1.35,0.97,0.34,40.63,-73.98,307.62,89.21,359.24
48895236,s7n9VAzpSELaO7Cmzwu3gg,1502,87.03,6.53,1.53,0.41,40.65,-73.97,353.7,89.85,359.89
48938403,H9V3yCqwKIOhU6joUB8Vlw,1502,-160.78,-2.21,1.54,0.55,40.64,-73.96,322.84,89.66,0.48
49179769,w0OLPLyEjFqZr0FRP6eY7w,1502,109.53,14.87,1.53,0.58,40.63,-73.96,11.26,89.25,2.62
49179775,w0OLPLyEjFqZr0FRP6eY7w,1502,109.54,14.06,1.51,0.65,40.63,-73.96,11.26,89.25,2.62
49179780,w0OLPLyEjFqZr0FRP6eY7w,1502,115.36,6.08,2.13,1.16,40.63,-73.96,11.26,89.25,2.62
49273520,dxujWSV-Ut2DulvNfcZokQ,1502,-62.65,1.14,1.16,0.9,40.62,-73.93,354.39,89.18,0.25
49433793,1e8C8oFQ5ycHzg3CtYmhLw,1502,73.41,4.24,2.87,1.17,40.63,-73.96,82.63,87.85,0.34
49433804,1e8C8oFQ5ycHzg3CtYmhLw,1502,103.05,10.0,0.72,0.6,40.63,-73.96,82.63,87.85,0.34
49358177,M9FEl0ISr1MJhl41ii2ZuQ,1502,37.62,4.2,0.88,0.27,40.65,-73.97,351.23,89.8,358.66
49715467,pnX5lCDMOx4GDB1hci16-Q,1502,22.81,2.59,1.03,0.48,40.63,-73.96,81.46,88.61,1.51
49788923,29VSgOWvcPcclloUCV1ANw,1502,-28.85,-14.29,1.97,0.71,40.67,-73.89,77.56,90.6,1.78
49915141,D_BnaWGMBzthelIuYlZWkg,1502,95.91,-1.97,1.08,0.34,40.63,-73.99,127.78,90.24,358.98
49919472,jZ-gvcTqs5PXELMe0s-KZA,1502,127.08,-2.14,1.68,0.83,40.59,-73.96,74.88,88.38,359.55
50004151,NIs4NiIG0YBHaV6REMBfXg,1502,52.31,-0.03,1.97,0.9,40.64,-73.98,129.01,90.36,358.76
50054736,SLWmRWF8v_CjvvKbhcpYyw,1502,158.78,1.52,1.03,0.41,40.63,-73.95,140.36,90.27,0.61
50056584,B6yvGTiTafAod1ijuYxpSQ,1502,62.32,6.25,2.77,1.36,40.63,-73.96,351.72,88.68,2.11
50056614,B6yvGTiTafAod1ijuYxpSQ,1502,130.98,2.31,1.68,1.03,40.63,-73.96,351.72,88.68,2.11
50210687,zeiESIpAp2VvfGghoC7DXA,1502,37.85,3.14,0.9,0.34,40.65,-73.97,351.02,90.53,359.34
50083188,SSDoYq2EbNG1_3tNbjNoUg,1502,25.4,-6.15,1.24,1.02,40.7,-73.94,171.25,90.35,0.26
50232984,ZD-G9VYyaTx5YQtsgz9pAQ,1502,94.72,0.14,1.58,0.55,40.62,-74.0,309.08,89.5,0.97
56844551,u6bTJbeVriYBs__Tw19Gmg,1502,78.84,-0.28,1.79,0.69,40.61,-73.97,172.9,88.66,359.93
50345120,bfTLNewf6uuCmF7dc-FdyQ,1502,149.61,4.37,0.58,1.85,40.62,-74.01,219.62,89.27,358.74
50471088,ghocX6GdrQYLnxpP79Cgnw,1502,84.44,9.74,1.64,0.48,40.65,-73.97,356.3,89.98,1.12
50574194,TCiy2HMbH6Jjt_S2s2_fKg,1502,88.24,-3.0,1.63,0.62,40.58,-73.98,83.7,90.33,1.57
50432996,62cfCUEzdZL1Pzj3suDRyQ,1502,38.36,4.13,0.89,0.41,40.65,-73.97,352.03,90.18,358.44
50648434,P88aaSL0D1z1xJguiknWHw,1502,139.9,7.44,0.44,0.34,40.61,-73.97,171.89,90.63,1.4
50678160,db4Wyc08xfmK7E-frLtylQ,1502,-164.78,-5.67,1.16,0.34,40.64,-73.95,176.37,90.08,358.5
50606886,QW2kala571cm8UeJqrWytA,1502,80.62,-0.69,1.9,0.69,40.59,-73.95,103.48,90.56,358.47
50741134,0QCUgfiXbbaOOxY1O_nSwQ,1502,-123.7,3.07,0.8,0.34,40.65,-73.97,242.74,90.31,1.19
50955861,JCjvQ_B2Wqi09T-jY5TeOw,1502,128.27,8.66,1.98,0.88,40.61,-73.98,129.58,89.53,359.53
51009755,kHB7gAMfW5LeuQ-mbFjgrQ,1502,163.62,1.9,1.09,0.48,40.63,-73.96,335.47,91.64,0.26
51139203,96klj0mw_pYs8pNLS2fXZA,1502,38.49,0.76,1.28,0.69,40.63,-73.96,83.43,89.22,0.08
51139207,96klj0mw_pYs8pNLS2fXZA,1502,25.14,1.0,0.73,0.62,40.63,-73.96,83.43,89.22,0.08
51139209,96klj0mw_pYs8pNLS2fXZA,1502,35.23,5.26,0.8,0.34,40.63,-73.96,83.43,89.22,0.08
51535341,nFsapU7XJ8XNeVlPcgH1mg,1502,-99.43,1.27,2.84,0.81,40.61,-73.98,19.57,89.51,0.83
51521789,1O8ef6ktcW2A_-vYGf7xNw,1502,90.59,7.07,1.59,0.41,40.65,-73.97,357.18,91.37,0.35
51799465,U2-p_YECPD4TbFC0epjOMw,1502,154.68,1.76,0.86,0.48,40.63,-73.96,351.61,90.62,1.18
51695871,3Eov0IfT3k1tavI6Dt0OPQ,1502,110.74,9.17,1.39,0.4,40.65,-73.97,341.23,90.72,0.9
51695884,3Eov0IfT3k1tavI6Dt0OPQ,1502,110.74,8.59,1.45,0.47,40.65,-73.97,341.23,90.72,0.9
51795632,56V_1YAjL1anbY2DfeWdNg,1502,-120.84,2.38,1.55,0.91,40.7,-73.92,215.99,88.24,1.29
52045153,EQRmFSXIg8Fa6oiPqlxekw,1502,106.63,-2.76,3.3,1.39,40.61,-73.96,171.48,90.89,0.55
51964239,NJZQ_bTzzsI3zCfTPw3Ciw,1502,-118.98,-0.31,1.47,0.62,40.63,-73.96,268.09,89.95,1.16
51985279,YVUgAiVFOejNMPbzavgHFQ,1502,43.42,9.9,1.02,0.4,40.63,-73.96,81.85,88.02,0.2
51985363,YVUgAiVFOejNMPbzavgHFQ,1502,43.45,9.23,1.03,0.4,40.63,-73.96,81.85,88.02,0.2
51996199,1hcJBDuMR0uD6y4hu64THA,1502,100.04,-14.03,2.41,1.1,40.66,-73.98,123.38,89.08,358.75
52124986,tCnCRS4FOFzvAHlBHJx8sQ,1502,42.21,-0.79,1.16,0.48,40.61,-73.97,170.56,90.81,0.87
52195419,UneCu4TdhF2v_KgSBfeJkQ,1502,-140.62,0.55,1.01,0.55,40.63,-73.96,262.86,90.58,0.26
52371688,OLcCJnqAQdok_pKAFGXNHw,1502,124.56,7.17,0.73,0.34,40.62,-74.03,193.28,89.92,1.12
52552384,22AhzcE2R6HI6Gar1hJBrg,1502,18.41,4.24,0.68,0.34,40.61,-74.01,132.86,88.65,0.84
52492562,VEc4JKmaNVooWPpuu--cKw,1502,-106.78,-3.45,0.95,0.55,40.62,-74.0,308.9,90.56,1.0
52506249,7yBWHVzhSlydqqY28YuWzQ,1502,51.06,8.69,3.43,1.35,40.61,-73.98,128.76,89.5,0.29
52468391,EUSjscLO4JcX16olVcnI3w,1502,85.29,3.27,1.31,0.76,40.63,-73.96,59.32,89.69,3.66
52468457,EUSjscLO4JcX16olVcnI3w,1502,116.84,2.59,1.51,0.9,40.63,-73.96,59.32,89.69,3.66
52652564,mFE6giDCJfWVFeU5SqEnSQ,1502,91.21,-1.52,1.17,0.41,40.63,-73.99,127.6,88.69,359.59
52663058,KNKoUWhwXL3tvognI_FzJQ,1502,-58.3,1.69,1.01,0.34,40.67,-73.92,258.99,90.36,1.1
52826267,MWDnkOczmqAbX9VmR-pzpg,1502,144.8,2.45,1.14,0.48,40.63,-73.96,350.37,90.42,1.09
52736929,mTdhhiHx2j3LLCw9y_XWTA,1502,117.15,12.39,1.44,0.59,40.63,-73.96,350.95,89.39,1.58
52736952,mTdhhiHx2j3LLCw9y_XWTA,1502,117.15,12.95,1.44,0.66,40.63,-73.96,350.95,89.39,1.58
52736965,mTdhhiHx2j3LLCw9y_XWTA,1502,153.48,1.48,0.56,0.62,40.63,-73.96,350.95,89.39,1.58
52975285,otBjoQacqxtbzFgMRxb3BQ,1502,82.27,3.89,1.42,0.76,40.67,-73.92,77.77,89.75,1.86
53054205,3ZNpisC1fIHGaJm_BOBIcg,1502,26.25,1.31,1.17,0.55,40.63,-73.96,82.14,89.43,1.63
53199928,99UUEpecM1c01y8QjTGGhA,1502,34.27,2.86,1.59,0.64,40.61,-74.01,128.06,89.58,2.35
53208081,v5msYbRCc2AlL86EyJV8rg,1502,159.95,4.13,0.76,0.55,40.63,-73.96,302.92,92.92,359.92
53208099,v5msYbRCc2AlL86EyJV8rg,1502,172.92,4.72,1.54,0.76,40.63,-73.96,302.92,92.92,359.92
53287862,weUkRKSTMv6nsUQgKqLFmw,1502,-56.1,2.52,2.72,1.03,40.61,-73.98,352.63,89.76,359.14
53287864,weUkRKSTMv6nsUQgKqLFmw,1502,-57.06,-0.69,1.33,0.55,40.61,-73.98,352.63,89.76,359.14
53437755,i7Q2VjEfmJT6vTdCFIpu9w,1502,-82.79,-3.75,1.03,0.48,40.71,-73.93,250.62,88.49,1.53
53400097,Dy0s9I7TKITPiHcuhgJYTQ,1502,-117.58,0.97,1.07,0.41,40.67,-73.92,259.26,90.53,1.93
53450885,dN9Y-GR8Erd_iqAZobCQcg,1502,-81.71,-21.46,4.86,1.97,40.66,-73.95,84.73,89.04,0.53
53813283,aGovgPFO4YG0Suw7I3CwHA,1502,96.56,-5.95,1.43,0.61,40.64,-73.98,127.08,89.9,357.2
53940722,5b_GpzJX-z-FAG6Xhax1hQ,1502,13.3,-1.55,0.87,0.34,40.7,-73.94,171.01,90.3,359.96
54035705,p27AJaJqdaYKl5Y1qXVOxA,1502,-137.79,1.21,1.16,0.62,40.63,-73.96,262.17,91.29,0.22
54035713,p27AJaJqdaYKl5Y1qXVOxA,1502,-123.53,5.47,0.86,0.34,40.63,-73.96,262.17,91.29,0.22
54091645,lPJQEfoOHimbOspz3nV8bQ,1502,105.42,4.82,1.15,0.82,40.63,-73.96,356.06,88.55,2.21
54091656,lPJQEfoOHimbOspz3nV8bQ,1502,120.05,12.85,1.49,0.59,40.63,-73.96,356.06,88.55,2.21
54216959,VIOj5_1zBpDeduu6mTvI_g,1502,145.64,-13.25,2.53,1.24,40.68,-73.93,261.21,89.26,0.11
54161181,Xi4WWssAgTNbH9Cx3Nj-Zg,1502,-71.25,2.16,1.7,0.98,40.62,-74.0,306.95,89.0,359.42
54244785,qENfbSOEG9s9QxJlS1npow,1502,-122.54,4.27,0.86,0.41,40.65,-73.97,241.87,91.11,0.24
54378893,zQ200q-0QRXT3qLk9_m2fA,1502,130.57,2.86,0.75,0.34,40.58,-73.98,85.92,89.63,0.75
54431752,WU5OXmLoI3pt_HsQ41uPFQ,1502,-140.53,-0.41,0.95,0.55,40.63,-73.96,261.24,91.08,1.49
54484975,LYDFEdplaxigidkGhGoqgw,1502,141.63,1.1,1.02,0.55,40.63,-73.96,355.05,90.8,0.62
54704331,vDhjaJf6TP2gcsto45Va8Q,1502,89.26,9.0,1.37,0.47,40.65,-73.97,355.11,91.06,0.45
54704353,vDhjaJf6TP2gcsto45Va8Q,1502,89.34,8.32,1.59,0.47,40.65,-73.97,355.11,91.06,0.45
54772543,9RMVq9pxVkwmmhkOdoOdHg,1502,-65.53,4.06,1.17,0.55,40.63,-73.99,308.12,90.1,359.64
54884942,AnxeQ7p6QNG3wULxnEuOfA,1502,125.42,4.44,1.11,0.62,40.62,-73.96,171.77,89.52,1.73
54907683,YVyRIXw9rnwOdTC9pBMbYw,1502,126.17,-2.34,1.17,0.55,40.58,-73.98,81.25,90.69,1.28
55012714,vP10EIhxsxsH3cU96kXNDg,1502,141.13,0.17,0.64,0.48,40.65,-73.95,174.76,89.23,359.13
55024759,yFV8RPuDJEd1P6-tB-VpPg,1502,52.41,6.7,1.09,0.61,40.65,-73.95,178.12,88.92,359.89
55024795,yFV8RPuDJEd1P6-tB-VpPg,1502,56.2,0.03,1.0,0.34,40.65,-73.95,178.12,88.92,359.89
55083798,UZNFLHY8i9Yklsd3Xu--KA,1502,34.86,5.19,1.18,0.75,40.63,-73.96,80.99,87.03,0.84
55083801,UZNFLHY8i9Yklsd3Xu--KA,1502,50.81,10.74,1.16,0.47,40.63,-73.96,80.99,87.03,0.84
55045502,tas1qXlT06x7-tvpwsCUVg,1502,138.58,6.97,1.1,0.34,40.65,-73.97,322.96,92.1,0.79
55154741,vAijhZMDRq5N1608tfgdVQ,1502,140.43,2.62,0.76,0.41,40.67,-73.92,78.92,87.83,1.62
55163292,LKM-Xlw2u8R-q8sa8mLiOA,1502,123.01,10.04,1.48,0.56,40.63,-73.96,351.49,89.68,2.09
55163299,LKM-Xlw2u8R-q8sa8mLiOA,1502,128.14,2.45,2.11,1.17,40.63,-73.96,351.49,89.68,2.09
55344267,JUy5JSV8FY-_PvgxazrOxw,1502,-121.6,-7.05,3.78,1.65,40.64,-73.96,322.6,89.72,1.15
55344268,JUy5JSV8FY-_PvgxazrOxw,1502,-113.42,-6.29,1.73,1.3,40.64,-73.96,322.6,89.72,1.15
55287656,6YQxtm4LqEGYNc49_uqp5Q,1502,61.34,2.62,2.48,1.24,40.63,-73.96,351.15,90.67,0.21
55445760,lAIoPD0Jr2tgu16IKRqaMg,1502,78.5,4.41,1.66,0.69,40.65,-73.95,172.61,89.85,2.41
55728245,XF526mFitvvM-1gYkwM8uQ,1502,-121.52,3.0,0.78,0.34,40.65,-73.97,240.71,89.0,1.59
55737972,P3XUKMSD683AlsojflD3TQ,1502,-84.81,4.78,1.44,0.63,40.63,-73.99,307.78,89.1,359.41
55700981,mMGjmUhWtMrdaP8BQeswxw,1502,-142.78,7.85,1.15,0.61,40.69,-73.97,280.7,88.24,359.38
55709339,kBbV0snCTTscaM1LJ-ab8Q,1502,48.58,7.68,1.1,0.41,40.65,-73.97,62.82,89.21,2.04
55709347,kBbV0snCTTscaM1LJ-ab8Q,1502,48.59,8.12,1.05,0.47,40.65,-73.97,62.82,89.21,2.04
55929540,ZP_b6zV-Tsb0BRjnTl42HQ,1502,75.72,7.44,1.22,0.47,40.64,-73.93,79.3,89.97,2.37
55912406,EFFFVafM1pz0sTYYhr411Q,1502,155.95,3.1,1.72,0.55,40.61,-73.98,128.25,89.99,359.5
56043039,Qs21t8xpE4AFjpSxnXbJHQ,1502,-48.5,3.86,1.73,0.96,40.6,-73.96,260.1,90.96,1.38
56103542,oXbb2qrE6bbEEEgFyFkXEA,1502,-100.44,-6.93,0.46,0.41,40.66,-73.89,17.54,90.62,0.74
56156157,GDzQiOO7zU9h0fty1Fnn4g,1502,-128.3,3.86,1.97,0.82,40.63,-73.96,276.82,91.03,0.33
56156212,GDzQiOO7zU9h0fty1Fnn4g,1502,-106.75,8.93,0.76,0.47,40.63,-73.96,276.82,91.03,0.33
56330912,zB7d2sdSDe54ksy0AqqCzg,1502,53.22,-0.17,1.49,1.17,40.62,-73.96,351.33,89.12,358.28
56700098,ZQPMl0-AmFR4i1Kqv-HuQQ,1502,-48.27,-13.08,2.13,0.52,40.58,-73.94,82.55,89.19,3.54
56809692,KI-bsUt0Q75wWY6eHYibsg,1502,97.68,-1.55,1.36,0.62,40.65,-73.95,177.32,88.65,1.24
56827096,sWB5-bDTyg_K5kKlgCOttQ,1502,89.93,-1.31,1.24,0.41,40.63,-73.99,128.91,88.83,359.67
56799169,ZG1-BjdPaLnF810SFvvEVg,1502,36.31,-0.24,0.54,0.48,40.65,-73.95,174.72,89.73,358.17
56941772,QyXhHql3hl9jAlZRZoykOw,1502,56.67,6.46,0.99,0.41,40.65,-73.97,62.98,90.14,1.77
57015198,2de39I9vrDN6uoK2K05Pcg,1502,91.97,1.41,1.45,0.62,40.62,-73.96,352.69,89.7,359.75
57068511,-N70rDTl-kvs1jxicqSffg,1502,147.29,4.03,2.24,0.62,40.61,-73.98,128.49,90.09,359.62
57037361,cfE_aSoLJB0kiT7hlxBlEA,1502,-41.07,-18.84,1.82,0.84,40.71,-73.97,288.58,87.53,359.95
57177800,WrvPi2U2ivsngd5Jf5kkXQ,1502,147.23,2.62,1.19,0.55,40.63,-73.96,344.17,90.3,1.16
57177833,WrvPi2U2ivsngd5Jf5kkXQ,1502,163.75,2.31,0.68,0.48,40.63,-73.96,344.17,90.3,1.16
57180054,J8PpGsdTbyVcko9dB3BAeg,1502,-40.82,-7.26,2.6,1.54,40.67,-73.9,169.2,88.87,359.79
57295246,xCFjIwzI9tCHorJwItG4OQ,1502,-67.33,-1.38,1.45,0.55,40.61,-74.0,308.32,89.98,0.38
57390273,q8xp46dI6KHIZs5huvfXEw,1502,26.77,-4.34,1.65,0.82,40.7,-73.94,171.03,90.38,359.62
57401423,bDx7FD5pcWB-Y2_npH1RXg,1502,44.72,-0.9,1.1,0.55,40.73,-73.91,273.85,89.34,2.26
57476591,yGHG54OjwhfD8qhkhXO1wA,1502,144.91,4.99,0.46,0.34,40.63,-73.93,175.27,89.64,0.54
57426056,9CIZpgRIY4DdhYB56BJVfw,1502,47.96,0.31,1.24,0.48,40.61,-73.97,171.8,88.8,359.91
57698795,qz_-ZqUszi8fKQBt1ZMj8g,1502,-52.66,-3.75,1.55,0.62,40.68,-73.96,284.46,89.63,1.33
57728805,bAhbkPPS_KEnyzf9oG-ndg,1502,-88.72,1.9,2.14,0.9,40.63,-73.96,262.43,91.7,0.61
57995207,b58aa_dZmZ5YUOEhhTvebA,1502,81.82,-2.1,2.72,1.17,40.59,-73.96,71.43,89.36,0.37
57931927,Xm5flGaOVHqalOxTsx9cIg,1502,-148.54,-5.95,1.88,0.89,40.67,-73.89,78.22,88.91,1.59
58127070,jYugLZMZjHJHk295zZnVow,1502,90.31,3.93,1.59,0.55,40.67,-73.84,12.99,89.91,359.97
58165121,Q-bHSt547-CF5dGvoVEpTA,1502,92.76,9.74,1.93,0.6,40.65,-73.97,61.97,89.03,2.51
58167267,INMhLM7lRA-pbf3q42bvww,1502,96.87,-2.34,1.77,0.55,40.64,-73.98,129.02,89.25,358.87
58276450,06W183n42D9SZV-VTxW0cA,1502,-93.0,1.97,1.31,0.62,40.61,-73.95,351.57,89.68,0.08
58298667,Y30x4RvwH6ZMNVpmlR7SHA,1502,-130.66,3.86,0.82,0.41,40.67,-73.92,271.81,89.77,359.91
58422197,5C5uliKDc_w4po4iWgmoqQ,1502,112.98,-6.25,1.93,0.55,40.64,-73.99,175.53,89.27,1.18
58597644,oOmGsncideinRKMdXZweXQ,1502,-200.26,-9.5,1.65,0.58,40.76,-73.77,251.53,89.48,1.75
58598070,oOmGsncideinRKMdXZweXQ,1502,159.78,-8.93,1.52,0.47,40.76,-73.77,251.53,89.48,1.75
58812865,6MVAO9j6l_C4Yo9P2ERIVw,1502,-50.37,3.65,1.51,0.82,40.63,-73.96,261.02,91.92,0.6
58973448,51yYN2ngROzV_gqMgrm70g,1502,-117.02,0.86,1.69,0.9,40.6,-73.75,130.91,88.37,359.76
59377949,4E5wmfn27jsXS1XiVeVyiA,1502,101.0,1.45,1.19,0.55,40.63,-73.99,126.49,90.8,0.5
59522343,4CdEthcVEulIPRWN76N8ZQ,1502,-29.01,-0.41,1.02,0.41,40.61,-73.96,261.01,90.86,357.51
59643051,cZukxecYvgM_uv5baKQSvw,1502,105.96,-1.31,0.96,0.69,40.62,-74.0,129.8,89.69,0.19
60107443,31-RWwwvzzRWO8u7h8j1Zg,1502,-41.12,-17.42,2.2,1.79,40.74,-73.9,222.68,89.19,0.27
60200705,oKYXhKkv0Hu-HgXzKcebRQ,1502,-72.69,-1.72,1.57,0.83,40.62,-74.0,305.09,89.05,0.54
60203799,rSL6BE-I0ENDGLHzdkEg7w,1502,-72.21,-9.47,1.56,0.74,40.64,-73.99,308.44,91.12,358.43
60606903,4uQXSoelglTB3petCgktOg,1502,-127.62,-11.8,2.92,1.71,40.66,-73.95,83.67,88.79,0.25
60667470,qUymNv7JrKMrA6ZOGjLrHA,1502,123.87,-0.17,1.19,0.48,40.62,-73.96,352.13,89.93,359.37
60780741,TIW8HChw6pya-LQ_B2IE1g,1502,149.45,2.62,1.16,0.55,40.63,-73.96,347.29,90.32,1.33
60813607,21f2h1sKVngXhhZoDWqpSg,1502,-35.1,2.24,0.54,0.34,40.61,-73.93,143.58,89.14,1.33
60919744,x-fRiRnOcoqdaWwEc9nBJA,1502,152.85,-9.7,1.94,0.94,40.65,-73.98,168.52,85.73,1.36
60919754,x-fRiRnOcoqdaWwEc9nBJA,1502,158.6,-9.5,2.21,0.94,40.65,-73.98,168.52,85.73,1.36
61315279,OAzEs2fOEwuB0a-ABAMT5w,1502,-78.23,-4.41,1.32,0.55,40.62,-73.92,354.8,89.82,359.77
61320259,G4geeT7I4agwPC8v3tdzPA,1502,70.36,-12.82,2.27,1.18,40.66,-73.98,122.76,88.82,359.84
61379426,122njmXg66Oje7o2VaPiqA,1502,35.48,6.12,1.24,0.68,40.61,-73.98,127.36,89.8,359.64
61535180,cDGoVCkoTLThhlaPBM0G3g,1502,125.55,-0.48,1.24,0.55,40.62,-73.96,352.35,89.38,359.33
61630575,OFQv-vTKYA9aWGqaUnksQQ,1502,44.7,2.83,0.47,0.28,40.61,-73.96,60.3,87.74,0.33
61660082,Qh8ZbPBNpJF0HA0L0S2sbw,1502,96.42,11.9,1.84,0.79,40.65,-73.95,176.03,89.82,2.23
61660107,Qh8ZbPBNpJF0HA0L0S2sbw,1502,99.5,2.1,1.61,0.62,40.65,-73.95,176.03,89.82,2.23
61785955,Z-wZSyROrYN0UOBlPwc2gg,1502,-102.3,-4.99,1.54,0.62,40.64,-73.99,308.57,92.09,359.62
62082550,tGw6zjrsTjh7vHuqOBatAw,1502,41.81,0.93,1.36,0.78,40.63,-73.96,81.72,89.75,0.64
62082557,tGw6zjrsTjh7vHuqOBatAw,1502,38.3,5.54,0.88,0.34,40.63,-73.96,81.72,89.75,0.64
62094065,EzIpT9FprhPK6HkCedUwAA,1502,52.14,4.89,1.22,0.41,40.65,-73.97,352.06,89.89,359.73
62156648,ye_LpfgNWQxtejhDAnFy8g,1502,-146.53,-0.38,0.8,0.34,40.63,-73.96,258.96,91.18,1.82
62297413,YbFWM9FNwr2b_LeODOhPdQ,1502,-113.0,3.0,0.89,0.48,40.58,-73.98,326.3,91.34,0.36
62362056,sYcUFz9qTF6kbKPVCeFXNA,1502,40.8,4.51,1.1,0.34,40.65,-73.97,352.85,89.98,0.17
62258985,d6qyZsH3EVwbp-geBrfETA,1502,25.98,5.02,1.17,0.68,40.61,-73.98,128.89,89.49,0.63
62462505,HNfyG4mMaEw5MPZwNucHqQ,1502,-42.14,2.24,0.76,0.62,40.62,-73.93,354.84,88.85,358.63
62381966,dVZNL12ZQ8x7ALVQ2ULjWQ,1502,20.74,1.14,0.66,0.48,40.63,-73.96,82.9,90.45,0.78
62463953,8KPT2CFtEsIkXH59jx8nvQ,1502,-123.34,0.66,1.33,0.49,40.61,-73.98,351.36,89.15,359.17
62617027,wkxyd8vNiqtBi_xkGt23Qw,1502,-127.08,-0.07,1.29,0.41,40.63,-73.96,261.44,89.7,0.77
62661788,Kb5D6Pf_hhuVDpiGjSBlIA,1502,151.25,1.62,0.89,0.48,40.63,-73.96,352.48,91.61,0.67
62918701,V7W7hwMd-xZ3FHPprd1H5Q,1502,-124.73,-2.93,0.79,0.48,40.58,-73.98,257.81,90.39,0.65
63196683,_R894ZxEO0-S6txJYF59bw,1502,55.61,-11.73,2.73,1.92,40.7,-73.89,83.52,89.68,0.67
63430654,Gx41TlwZ9b8xKD9dwJa59w,1502,84.32,2.38,1.26,0.76,40.62,-73.96,351.05,89.0,358.36
63648685,n2avy83n3X3Q82mmbj6sOA,1502,-78.76,-2.41,5.44,1.65,40.66,-73.89,61.55,88.6,360.0
63662441,M2lUn-e1AkE6D7rlwsQofQ,1502,-23.45,-3.1,1.19,0.83,40.64,-73.96,322.82,89.52,0.71
63662443,M2lUn-e1AkE6D7rlwsQofQ,1502,-39.53,-15.9,3.21,0.96,40.64,-73.96,322.82,89.52,0.71
63693360,irIUzbmWVA1IF5sE4CaiGA,1502,-129.67,-0.86,1.3,0.48,40.63,-73.96,260.64,89.69,1.6
63833151,Tn8bTJvk23GMnU3-95rrOg,1502,20.23,-6.15,0.73,0.34,40.62,-73.9,318.9,88.69,1.44
63736308,syKQ_Kvvc4WOeaZvWAna6Q,1502,53.39,8.09,1.15,0.54,40.63,-73.96,80.96,88.76,0.42
64112353,6sYsJ7l4E16SprhULPajVA,1502,133.6,3.45,1.98,1.24,40.63,-73.96,80.46,86.68,0.99
64269395,SMOlTKGqwsZYkyQZ0BDjpg,1502,152.1,-0.31,1.58,0.48,40.6,-73.75,309.58,90.1,359.74
64570869,vJPLjXLOkVv-YnPEm5olZQ,1502,-39.47,0.94,2.42,0.68,40.6,-73.75,125.53,88.53,0.46
64437496,K8wwRCETPxRcTBXaRpJE4A,1502,-65.78,0.28,2.62,0.7,40.6,-73.75,130.1,88.68,359.2
64528900,U_ZLdwRONJLLwhP3w0iY9g,1502,-110.98,4.66,1.7,0.62,40.61,-73.77,232.74,89.53,0.28
65008966,ZZCtqv_h43_gOxefysmSHA,1502,145.18,-17.58,1.47,0.63,40.68,-73.84,159.1,90.63,359.61
65103678,jYFCQcA4eDGdnNosNPmVtA,1502,104.74,0.69,1.48,0.55,40.65,-73.95,166.75,89.26,1.07
65076043,CZkqyVlqkLT2sH-5ugtJoQ,1502,-8.8,-1.38,0.74,0.28,40.67,-73.9,169.88,89.23,359.84
65296611,1j-QI3zLJIFEuon0xCaP2g,1502,85.85,4.82,0.93,0.41,40.61,-73.96,59.66,87.9,2.1
66286230,37PJ1QPdpVOIsqiOsrJ2MA,1502,-107.2,3.55,3.69,1.03,40.61,-73.98,353.94,90.64,358.32
66501399,neuq6R1rnFQEr1pjfHuQHA,1502,-154.35,16.72,3.66,2.07,40.7,-73.9,150.87,89.83,359.08
66634081,AR7gnDvorpQrwZka6to3jA,1502,131.93,2.55,1.23,0.55,40.59,-73.95,101.15,89.81,359.39
66701520,QCB1lEifpFUoXishk53CQw,1502,42.76,3.1,0.79,0.41,40.58,-73.98,84.36,88.91,0.38
66946353,QK4pkg3uUt8a-H2yxFqyEQ,1502,-33.2,-10.34,0.99,0.73,40.7,-73.97,274.19,89.96,0.74
67394722,KExmc_fb6MR0IwsCZkpp2A,1502,67.43,5.26,1.94,0.66,40.61,-73.77,51.93,90.35,359.24
69281992,sYvRTTiLdapCExje4d9mjw,1502,134.56,-5.09,0.77,0.41,40.68,-73.79,240.51,88.83,0.43
69524315,MwcUpVqZTw3Vg33QhPcgcA,1502,27.05,-0.48,1.0,0.55,40.76,-73.92,210.33,89.43,0.55
69772914,ES57mJKZMI9UvV-2TMnNbQ,1502,136.76,0.86,1.39,0.76,40.69,-73.9,34.32,92.27,0.85
69784292,HCZrROgj3Z5PW5tZl33Q3Q,1502,-125.65,-0.17,1.18,0.48,40.68,-73.79,60.44,88.89,358.61
70040413,ypAhtiqqTmIgkyBjXCb9Lg,1502,64.25,1.31,1.84,0.83,40.6,-73.75,312.22,90.67,0.09
70140466,yguS6dsXn-B4R_bfBuGYKw,1502,95.75,4.54,1.01,0.55,40.76,-73.86,143.65,90.2,359.28
71191970,EoMLqYDwnzxcSs67LQhvOA,1502,97.65,6.9,1.29,0.62,40.79,-73.81,68.77,86.79,359.77
71411881,YIYiYJymzgb77F25u4nzSQ,1502,7.99,-1.48,0.88,0.34,40.7,-73.89,84.02,89.29,0.46
71315266,VQ13BsVe6toyW5yz5xCYvg,1502,84.25,-1.14,1.52,0.62,40.72,-73.81,76.67,90.88,0.56
71496415,4sCcyGWz-MAuKwSGKP1o8Q,1502,109.8,1.67,3.2,0.97,40.6,-73.75,324.85,90.7,0.68
72462393,2g9snXuWEgFynVxxk4dBGw,1502,106.93,-4.1,1.5,0.62,40.7,-73.9,267.46,88.7,1.33
72812775,IzSpu1jrINTa5LQv_y3SMg,1502,-111.57,7.0,2.41,1.09,40.77,-73.81,7.61,90.83,2.02
73778769,IbiGeoDbE3NqkqOhbU1wFg,1502,93.34,1.24,2.41,0.69,40.6,-73.75,6.1,90.05,1.29
73774960,jCFKRP2vhOLXdY4DhGT3Zg,1502,95.91,-3.75,1.2,0.48,40.72,-73.74,75.71,89.17,1.85
74682030,QuuWmMMH1-KY9hIXzcx_-w,1502,-25.51,-7.85,1.96,0.88,40.73,-73.81,261.13,91.2,359.79
74814118,Rj22WN27IvWlh0Hn5Pt7Vg,1502,-33.76,1.38,0.66,0.41,40.75,-73.87,156.15,88.99,1.34
74941277,1Rtxf8IW44uFzBsA1hojvA,1502,-58.07,1.09,2.58,0.74,40.6,-73.75,129.84,88.69,0.09
74886820,TA7lvky_I8JMhR4qNrxDYA,1502,-132.7,5.67,1.15,0.48,40.61,-73.77,232.5,90.69,0.47
76454899,0WN40Q1OgA2VDYkbVEYE0Q,1502,-34.43,-0.87,1.68,0.54,40.6,-73.75,130.64,89.91,359.53
76502531,rAm-WODJNJmafO6xrPgpnQ,1502,-28.34,-0.34,1.72,0.61,40.6,-73.75,125.95,90.17,359.68
76815146,Ou8Xu6UhECKB-BmqeG_dcw,1502,-59.48,-0.45,2.44,0.76,40.6,-73.75,132.53,89.36,359.82
76735957,muUCElUJBCLTA0l5MiqFKQ,1502,131.32,1.11,2.86,0.88,40.6,-73.75,309.54,91.64,359.59
77113351,pEFvXHNRdHapGnW_yzDhBQ,1502,55.94,1.24,1.4,0.83,40.6,-73.75,311.57,91.01,0.32
77987215,YCTPqdp9oZHM1sbvCsp2dQ,1502,-182.14,-1.85,1.57,0.74,40.68,-73.84,167.0,89.36,1.4
78743664,sb5TqFLDZv_2NhvNEDHG1w,1502,24.09,-5.19,2.07,0.89,40.7,-73.89,83.22,89.23,0.29
79046255,bxsFw0qTq_KD6T65rNeF4w,1502,-61.9,1.55,2.95,0.94,40.6,-73.75,133.72,88.25,359.83
79369430,en4AyukV0QWY0HB_-P9skg,1502,-125.23,-6.29,0.8,0.34,40.76,-73.77,71.03,90.24,2.59
79461632,_0QxWMe-AZp-3sMIovhmQg,1502,-158.87,-7.04,1.2,1.29,40.73,-73.81,261.74,91.06,0.05
79580182,8FvDk7qCqbFq_EOdaltt_g,1502,-51.93,0.73,2.52,0.71,40.6,-73.75,133.11,89.31,359.87
79583280,hvf4ooTgWg4YzDoAErvF9w,1502,-121.1,-1.66,1.5,0.69,40.6,-73.75,138.3,89.25,3.07
80687340,o8tbfDSm9kKy9utT7l-8Aw,1502,28.96,-0.9,0.82,0.55,40.79,-73.81,186.39,87.95,359.52
80916070,wXr4fSXjenBjK3BGo6t7rQ,1502,135.47,4.85,0.95,0.62,40.74,-73.93,334.22,91.01,358.3
81153303,NFsJNkmasPzfchAwQKUPmQ,1502,-96.66,0.05,2.77,1.03,40.6,-73.75,145.27,89.66,0.78
81132376,1ePE7Wk45jwWll1CjpoZmA,1502,-72.96,1.45,2.71,0.84,40.6,-73.75,129.99,88.57,359.78
82527363,nbX9VZiHDZ4FC98FRQ7EHA,1502,94.61,1.93,3.3,1.0,40.6,-73.75,311.59,90.82,0.67
83078254,hvUp54TJJ8bSwo-ivdO6IA,1502,72.59,-5.5,1.78,1.23,40.79,-73.81,162.67,88.55,0.84
83429240,DY93F6WAvwJhYiScE95afQ,1502,-35.3,1.38,1.47,0.41,40.6,-73.75,132.47,88.3,0.74
83735064,QjNn4GubMp_narBPPYuj6Q,1502,-117.83,4.25,1.66,0.79,40.61,-73.77,232.23,88.97,0.24
84291862,eOiHGrTZTeLYZRM37yz7CQ,1502,31.66,-20.8,1.44,1.15,40.74,-73.72,340.48,90.8,359.88
85386529,NED1GtF5jOb2Jfopg20-SQ,1502,-62.92,-1.79,1.03,0.69,40.76,-73.89,264.0,89.87,1.9
86248913,s11nYYfzxDnXRxhWGmWpcA,1502,-15.23,-9.3,1.09,0.54,40.73,-73.85,247.58,94.91,0.55
86593591,9zc2hPlnZGIgzw50ykTHsw,1502,101.04,1.37,3.34,0.98,40.6,-73.75,314.76,90.54,0.3
86635107,QAdmDgd7aXLPoWeBtY6U3w,1502,-107.64,5.79,1.9,0.7,40.61,-73.77,232.2,89.69,0.84
87048731,2bjWRQGfnXUj4Sj2OlD2Qg,1502,-94.24,-4.68,0.62,0.27,40.73,-73.87,68.58,89.19,0.46
87030135,OXxCuAEMTf25J5Qchr588g,1502,-109.27,0.86,2.07,1.1,40.6,-73.75,131.99,88.44,359.97
87256159,ZEF8KF5o_rieh_LWVpnCyg,1502,113.36,-17.48,1.73,1.07,40.69,-73.78,311.93,89.68,1.61
87926282,O2PV-yxdfxI9zMalGmMKiQ,1502,-52.18,-14.51,4.17,2.33,40.73,-73.81,260.91,91.15,359.42
88423717,4Nkb5TNqKCsx0rMZLdUgPg,1502,115.43,1.35,3.24,0.94,40.6,-73.75,311.0,90.94,0.18
88555767,ZNd3wOgk4xA0D9oO3DdhtA,1502,119.65,-2.0,0.9,0.41,40.71,-73.81,248.36,88.0,358.91
89488113,dSw1nkTjPXLY0dUSEDFu2Q,1502,124.0,-0.97,1.72,0.69,40.74,-73.92,97.21,91.62,2.03
89503591,VQi3hpEHYOTIcL7eRI-LjQ,1502,105.67,-1.76,0.88,0.62,40.75,-73.86,69.5,88.78,0.9
89474741,pSs9ZOgNE6_w2BcH16JOjQ,1502,-113.35,5.84,1.73,0.92,40.61,-73.77,230.65,89.31,0.65
90010483,UlSnaIS6lzHHuKBxZGfXwQ,1502,28.31,0.48,1.02,0.41,40.73,-73.76,189.14,85.77,357.19
89984173,bD4slSYD0Nopy9v8kYEv0A,1502,-123.7,-6.6,1.65,0.98,40.74,-73.9,283.1,91.36,0.76
90418031,JT7t2MqT34pUw8wMPW6b0w,1502,-101.83,-15.93,2.2,1.02,40.73,-73.83,69.04,93.04,1.02
91851966,svHKRdZLR93IUPuAyAbpew,1502,128.61,22.06,1.23,0.65,40.74,-73.92,89.39,90.48,1.34
92716852,HiRzIhLld5EnCzbKUs8s5w,1502,-93.84,-9.97,1.3,0.8,40.74,-73.91,238.74,92.29,0.81
93300474,4RjLg-93b_-mbtg6ncYX_w,1502,160.95,-8.15,1.65,0.54,40.76,-73.76,81.37,87.54,0.83
93511553,9MISM3uAd0j6eLBA_wxtTg,1502,-144.29,-15.58,1.57,1.34,40.74,-73.9,222.72,91.51,0.02
93814195,dW-hZjFzw9fUC2eL7PGoCw,1502,-79.66,-3.82,1.4,0.76,40.77,-73.79,173.02,88.94,0.83
94395050,RpEKT3n37oihhHZg_8Ot9A,1502,47.79,8.49,0.89,0.4,40.81,-73.88,261.88,92.05,358.46
94540980,kuQXatMlMzpBDmspdlAOCw,1502,-98.83,4.78,1.04,0.48,40.86,-73.89,160.07,91.32,0.55
94911722,sv-A0Hw1OYN6Ydo73W4PPg,1502,-61.11,3.41,1.36,0.62,40.84,-73.87,178.18,88.04,0.13
95296393,tZdJAUgf-yuz14aPvlIXGA,1502,-116.07,2.89,1.27,0.58,40.84,-73.87,177.49,87.93,359.77
95355203,_WlP64NQAmREsBC96UO1_A,1502,64.36,4.54,0.89,0.55,40.84,-73.86,353.88,90.97,0.91
95430968,rkqlGV9xjimbrfQMkJpRxQ,1502,-113.98,2.21,0.62,0.41,40.84,-73.86,172.45,88.75,0.58
95646703,SU5PWm7LiJkSiMo3y1RXQQ,1502,108.91,4.68,2.3,0.87,40.83,-73.88,83.69,92.12,0.59
95729378,qcL8DFg7DXFlrPlF6xb-9A,1502,122.57,3.31,1.67,0.69,40.83,-73.88,83.31,91.78,360.0
95576725,Q5-mqd4NXblRiLpfVCt0LQ,1502,150.06,-12.11,2.35,1.45,40.82,-73.9,306.39,90.61,0.57
95762014,xhslPt_sUFc3fLVglEvSQQ,1502,-128.92,-1.1,1.57,0.41,40.84,-73.89,225.65,88.08,1.37
95873157,ildmiCj4v_bXnBUYGppx5g,1502,-138.44,-5.78,2.48,1.39,40.83,-73.86,111.56,88.71,0.22
95878585,D9LrK5jkcYVh9umy88RPmA,1502,-130.63,2.28,1.3,0.55,40.83,-73.88,263.62,88.17,359.94
95766389,9CgccfohNIPbT463LxlQjg,1502,24.1,-13.35,1.41,0.76,40.87,-73.83,246.14,90.81,1.42
95960435,8GkHz8ZRfVZdt_jmO6YNiw,1502,-129.46,-0.0,1.03,0.55,40.84,-73.86,171.76,89.66,0.24
96033317,0lyzunPO6gYAqCgrtRf_pw,1502,-70.91,-16.02,2.03,0.96,40.73,-73.83,69.15,93.47,0.86
96033325,0lyzunPO6gYAqCgrtRf_pw,1502,-70.84,-15.14,2.11,1.03,40.73,-73.83,69.15,93.47,0.86
96187634,D0P5Mup3aCFL7W_Ci5y00A,1502,-84.94,2.93,1.98,0.62,40.83,-73.88,263.73,87.53,0.29
96347316,_ffJ-Dw58mHTmlYv-PcaOQ,1502,-85.35,0.31,1.85,0.63,40.84,-73.86,171.07,90.21,0.42
96681967,jZZBBjbfOIyDNK6t4O_AtQ,1502,90.45,-5.81,2.12,1.1,40.84,-73.87,353.14,94.42,359.25
96869451,S2TxKD33CFh8uX0xQ4oQvg,1502,74.06,2.31,2.25,0.76,40.83,-73.88,84.64,91.7,0.31
96936618,W3fkybP85Q9iWSBYFG0zAg,1502,-200.47,-10.71,2.32,0.98,40.89,-73.85,292.89,89.83,358.84
97059171,eB0zY5LghjgGdcXa4IrhSg,1502,-73.6,3.62,1.34,0.63,40.84,-73.87,178.49,88.65,0.07
97528636,MLb13aWPRrizA6cXvLSHZQ,1502,-50.21,8.15,1.07,0.54,40.83,-73.89,204.35,89.35,359.5
97862062,F76BIPQ8XjruV_A9MqOwrQ,1502,73.65,-3.48,1.98,0.89,40.84,-73.87,358.23,90.91,359.01
97991747,s3gCnmZZPni9z6SLmbe8Cw,1502,-132.66,2.17,1.38,0.76,40.84,-73.86,172.06,90.14,0.7
98147612,AkgMcrdfxP5L830kgnlm5w,1502,84.06,-5.47,2.03,0.91,40.84,-73.87,355.75,91.29,359.91
98082561,oJN6e2mnkBjPjvvMkWPvyg,1502,91.79,5.5,1.09,0.41,40.84,-73.83,305.94,91.27,2.44
98405465,LVk2X9TtInyHN58f9kNMhg,1502,-47.94,-7.85,1.29,0.66,40.84,-73.88,125.7,90.52,358.36
98350052,GhJo1bDk5XvmPT5H7kf1aw,1502,-126.2,2.24,1.15,0.62,40.84,-73.87,178.57,88.42,0.25
98873111,qy_BBAvc12xIuh6Fu5VXcQ,1502,-72.46,3.17,1.84,1.01,40.84,-73.86,170.94,90.15,0.52
99566896,cqdOBhZKetR3tZBx3n5Dbg,1502,-93.9,-3.79,2.17,0.82,40.83,-73.88,79.76,87.95,0.96
100008249,Sd34xcZhydg8C2mVNkHUcQ,1502,-69.84,7.31,1.24,0.48,40.84,-73.85,133.44,89.0,0.01
100018901,D_ZigO2XfDAuUcODXXEe9A,1502,-121.69,0.14,1.37,0.55,40.84,-73.86,171.44,89.59,0.17
100198581,AlddsuWMJ8OuFnSQilOtZQ,1502,11.87,2.03,1.12,0.48,40.83,-73.88,116.29,90.32,0.86
100520048,6_djKJTkt7c7uGQnFmZ-yg,1502,-86.07,0.52,1.79,0.62,40.84,-73.86,171.3,90.1,0.3
100575560,mU3g9i_Zhhc2mvd7ivGUOA,1502,-118.79,-6.97,2.35,1.97,40.84,-73.87,109.43,88.72,359.36
100909089,yshZmT8XPLVZ1MjsnEFXtg,1502,-98.6,1.79,2.02,0.69,40.83,-73.88,262.77,88.34,359.8
101613396,n9xAhzaBNjdaztVsiouWWg,1502,-153.04,-7.38,1.31,1.29,40.84,-73.84,324.69,89.11,359.75
101745948,W8Hd2aLzllCZYLvhAK5KOA,1502,71.52,5.71,1.33,0.81,40.84,-73.86,352.19,90.48,1.42
101825966,JbL3Yzpx-a9W5KExleCafg,1502,59.48,1.69,0.84,0.62,40.84,-73.86,353.84,92.48,0.44
102032954,Nia6_6XJM3weBSUK36Y_3A,1502,-116.8,-5.13,1.12,0.62,40.81,-73.86,349.44,90.14,359.23
102237001,_-njlRjXUFpoyIBSA6iT1A,1502,78.31,5.26,1.57,0.91,40.84,-73.86,351.94,90.27,0.83
102318096,lrcuyXooKBStbS0d838B4A,1502,169.86,1.97,1.05,0.48,40.83,-73.9,325.6,91.82,359.29
102399923,PmsPLqvYFNYIPHVOPGWbAg,1502,-59.35,6.58,1.18,0.64,40.83,-73.89,206.76,89.24,359.45
102503443,hUSidG_s3zg0CK6gGNKHHw,1502,-65.83,-3.99,0.72,0.41,40.86,-73.9,117.57,89.53,0.41
102666621,PLmhinSTFSV0PGPyVQBE9g,1502,14.29,-1.62,0.97,0.62,40.84,-73.91,34.31,86.36,0.0
102752746,MVjKgnDHZYld1iZNSADW5g,1502,-105.32,0.48,0.58,0.55,40.84,-73.86,174.11,88.65,1.03
103498608,9wAc4AQm2IsGqnGxPzE5lg,1502,-60.36,4.92,2.44,0.89,40.83,-73.88,264.39,87.16,0.07
103498616,9wAc4AQm2IsGqnGxPzE5lg,1502,-64.91,1.72,1.45,0.55,40.83,-73.88,264.39,87.16,0.07
103871096,C_986rQtJ51B19PK-OGw1g,1502,151.82,-10.51,1.14,0.53,40.91,-73.9,191.41,93.05,0.83
103871111,C_986rQtJ51B19PK-OGw1g,1502,151.83,-10.07,1.02,0.47,40.91,-73.9,191.41,93.05,0.83
103970756,aRR4aWajq3_-ccjZ-LOJVw,1502,140.34,-4.3,0.94,0.62,40.84,-73.87,356.74,92.45,359.29
104340134,X1Ncnn7cdGK5Cd2vNGV0uw,1502,38.59,5.64,0.57,0.41,40.81,-73.91,16.73,89.47,0.92
104488420,FM14oeuTtOufVMKO_A1H_Q,1502,-103.52,8.42,1.77,1.02,40.83,-73.89,204.38,88.89,358.79
104558330,3-QHzVQtGXx6DhvK4LazBA,1502,-26.25,-8.46,1.17,0.47,40.86,-73.89,124.07,89.56,1.01
104588354,4tNyQP-UG4ZNG4eApq6f8A,1502,-48.81,7.34,0.99,0.54,40.83,-73.89,205.04,90.0,359.58
104825932,YQ6rsUPMSQykj6YhWY-Vkw,1502,105.19,1.0,2.25,0.76,40.83,-73.88,83.43,91.4,359.17
104825934,YQ6rsUPMSQykj6YhWY-Vkw,1502,111.71,4.82,3.24,1.1,40.83,-73.88,83.43,91.4,359.17
104852602,UESf08prGi8DTig9vR2T0Q,1502,-64.98,6.05,1.03,0.41,40.84,-73.85,135.15,89.41,359.37
105142458,BehfGCExrENP8z_bAen0WQ,1502,-148.6,-7.78,1.08,0.61,40.82,-73.92,287.96,90.88,0.59
105356969,k1__uvGd-D8VmyS5snepog,1502,78.21,4.61,2.4,0.82,40.83,-73.88,84.63,91.43,0.47
105342748,VrdovoisKtm8KlkrgQ1rkQ,1502,-27.55,-7.65,1.0,0.75,40.82,-73.92,276.92,91.26,0.88
106296377,AXYQy52PbdNOqdCJlg9yTg,1502,-94.05,10.97,1.79,0.95,40.83,-73.89,204.91,89.91,359.24
106522771,s-_eJnyqemFJNbTHC641Bg,1502,-45.9,0.8,2.44,1.12,40.85,-73.83,3.68,93.46,358.01
106561969,hvoyTLzFoJc2xeq4DiHf4Q,1502,38.11,-0.17,0.77,0.48,40.83,-73.87,69.57,89.56,0.27
106737768,9wZsHtAkndbvfHDDXTFXuw,1502,80.91,2.95,2.3,1.07,40.84,-73.92,27.32,90.2,356.33
106812279,RFTgJKumINR2Ddd_wwhHtg,1502,-126.31,0.34,1.49,0.56,40.84,-73.86,172.51,89.9,0.08
106770171,RYs0j8HJ4rJ__eoyjb4RPA,1502,-126.14,-0.59,1.14,0.48,40.86,-73.89,304.82,87.05,1.24
106992091,FXW-Qx0e7Oz75EqWUQqWmQ,1502,158.16,-8.29,1.72,0.81,40.82,-73.9,308.34,90.01,0.85
107090631,iHxRIUI6yaR7qrqD-5V3xA,1502,74.94,4.82,1.47,0.86,40.84,-73.86,351.82,91.25,1.17
107043963,BD-RQP-716iEegZF-nQbwQ,1502,-118.37,6.9,1.01,0.48,40.84,-73.84,136.17,89.42,0.13
107690949,JKkFmjH70IJqvRqL1VRPfA,1502,88.6,-3.48,0.78,0.62,40.84,-73.86,294.34,92.53,0.36
107790932,NCZMYb0SG7xPEDQt1fermA,1502,81.46,-6.59,1.88,0.82,40.84,-73.87,356.24,92.26,358.45
108001716,S-hB5RiyjVF50mRlFUDO9w,1502,129.28,-17.88,1.96,1.37,40.86,-73.91,214.14,90.67,0.35
108176423,UKDpWKGKbtuyXD-mflCqAg,1502,-84.29,3.0,1.91,0.89,40.84,-73.86,171.63,90.68,0.54
108254983,kcmHCEJlz5JMjtjm6LaLEA,1502,-132.31,0.03,0.55,0.48,40.84,-73.86,173.65,88.93,1.63
108359331,UZHg1FsR6N34CLnWHiRiHA,1502,-66.84,-0.59,1.03,0.48,40.87,-73.85,125.18,90.23,359.13
108527659,Sll4P3zsaOZRsHb_DeiQww,1502,70.09,11.7,0.62,0.4,40.81,-73.93,225.98,90.18,359.07
108692218,uTAiSbqv5UuuFXz-dsxFPw,1502,-52.57,-1.35,0.71,0.48,40.84,-73.87,88.8,90.25,1.17
109215104,pnXeTEHslVPMnfG-bLwMpg,1502,-100.37,-9.23,1.25,0.81,40.74,-73.9,244.03,93.84,1.33
109278792,I6K6sv6vi1Ptu_9WtOcdYA,1502,-111.47,1.21,1.8,0.65,40.83,-73.88,263.97,87.27,359.98
109599855,Stku54CRQCCIDzY2bVfyRw,1502,-133.0,-19.34,2.2,1.78,40.74,-73.9,222.62,91.45,0.12
109696915,61kmFnjRtC6WXab0W43WeA,1502,110.04,2.79,2.07,0.89,40.84,-73.92,29.41,89.55,356.46
110839057,jSH-OpauTUg0KDZU2SAaTQ,1502,-69.36,7.27,1.38,0.54,40.84,-73.85,133.87,89.81,359.86
112067544,V4LKhUDEd4EtuzotN_ztQA,1502,17.63,2.21,1.63,0.55,40.7,-73.95,80.72,89.41,1.36
112032192,QxNMrqRHLIxsmOJlTmD-7A,1502,-114.02,-17.42,5.73,2.37,40.6,-74.13,2.32,86.76,358.52
113230713,v4WJ3-xn0LHkg9JAOrcZVw,1502,-59.24,-0.83,2.63,1.24,40.6,-74.08,243.88,92.1,1.17
114779497,T4D1GM8GTyltaNq_0AeEjQ,1502,-84.79,0.86,0.94,0.48,40.57,-74.1,125.34,90.35,0.28
116627279,zX-dIOE5JMr1e1nTaJfH9g,1502,84.73,-2.62,2.08,0.97,40.84,-73.87,0.95,92.79,0.94
195922,k7fqOGrnryyZnV42D3rSbA,1502,104.71,0.24,1.42,0.5,40.77,-73.95,12.56,89.69,358.93
195929,k7fqOGrnryyZnV42D3rSbA,1502,107.38,-0.21,1.38,0.69,40.77,-73.95,12.56,89.69,358.93
679048,xt__mojOE5NKfXjOAq028Q,1502,136.76,-2.21,1.75,1.93,40.78,-73.96,297.82,87.94,359.71
870226,1RWJm7K0nt0ZfqEPE2V9qg,1502,-80.97,-8.56,2.3,0.83,40.73,-74.01,96.89,90.82,1.97
1770990,mly2NDEBN1eSgqAjtJmCCw,1502,146.24,-6.29,0.53,1.16,40.72,-74.0,119.74,90.77,358.36
2517696,1ezkJUsGCjLIe5yT5cTYeg,1502,-67.05,0.69,1.31,0.41,40.84,-73.94,207.98,90.02,0.05
2788865,jPvQYrGGbBjXzSaH7H6tIQ,1502,66.74,-21.64,6.2,1.61,40.72,-74.01,190.51,90.11,1.47
3171104,N-7cN3YvE2ZDG81Ci_6bFA,1502,142.99,2.03,0.91,0.48,40.85,-73.93,28.15,93.26,1.14
3772057,zQItvND1MrbhEpt-ADdGBg,1502,-25.93,-13.43,2.13,1.15,40.76,-73.96,119.27,92.27,359.58
3799904,vHhgxPxKfZr7SPMmeFFizA,1502,110.62,3.82,1.75,0.62,40.77,-73.95,29.12,90.4,1.22
3799918,vHhgxPxKfZr7SPMmeFFizA,1502,113.98,3.0,1.72,0.89,40.77,-73.95,29.12,90.4,1.22
3822143,gl9WVFWc6bpMSaVWJBcO_w,1502,132.33,3.86,2.87,1.65,40.73,-73.97,139.29,88.29,1.36
4140214,CrrYsBUz3KLRL6-Ko0fszg,1502,97.82,0.93,1.63,0.76,40.77,-73.95,29.08,90.34,359.51
4318343,ajK3KBgH9SdtyRiAYxlKvw,1502,34.76,-5.6,0.72,0.34,40.73,-73.97,136.9,87.14,358.26
4770312,y4v-JJEA07PiNW33H0cZWA,1502,90.79,-0.38,1.59,0.76,40.77,-73.95,28.69,91.05,0.06
5038525,GH2HWGH-WPGuwTy19IB42g,1502,162.22,-13.61,2.67,1.04,40.8,-73.97,118.52,93.18,0.05
5448752,BeIT8zf6cHSssZsSxp3TCw,1502,32.64,1.79,1.4,0.83,40.73,-73.97,137.26,87.88,1.07
5820973,_HevX58PVWz-L81imknf8g,1502,37.92,0.76,0.64,0.41,40.77,-73.95,28.84,89.84,0.49
6069283,gKsjiIf-1GASc-AKiumlgA,1502,86.16,-3.2,1.42,0.62,40.77,-73.95,29.38,89.76,1.0
6069350,gKsjiIf-1GASc-AKiumlgA,1502,91.07,0.52,1.86,0.9,40.77,-73.95,29.38,89.76,1.0
7087745,pt20HrVKVj5DNoa6RVZcKg,1502,28.62,-2.29,1.72,0.81,40.77,-73.98,118.46,90.09,0.15
6964017,MIwr97nuwD8s88olQMPHCg,1502,41.87,-0.38,0.74,0.48,40.77,-73.95,26.34,91.24,0.21
7764908,YtsSwLjHNs42o88zKmoYfQ,1502,75.92,2.48,1.76,0.83,40.82,-73.95,209.07,87.55,1.03
8903501,On-Soj-MhTqwuf2mLDbOEw,1502,-92.67,-0.48,1.17,0.58,40.87,-73.91,42.6,91.04,359.42
9447073,UHy_Ov5elNs8O5VZu6VrjQ,1502,62.42,0.48,1.19,0.69,40.77,-73.95,28.89,90.78,359.07
9336601,Kq0ezICnT9N0U1hqqMOdLA,1502,128.4,-1.45,0.96,0.55,40.77,-73.95,29.1,90.0,359.3
9595938,huU5fxiSN3QaYU4_K78qig,1502,112.6,0.79,2.0,0.76,40.77,-73.95,28.2,90.04,1.1
9712709,kxE2CGdWFwqOcjImPsFX9w,1502,123.66,2.48,1.26,0.69,40.82,-73.95,208.46,87.55,0.7
9913509,AYE3Mv1A1qU-7nKkTImIwA,1502,22.94,-12.0,0.89,0.86,40.75,-73.98,297.66,91.16,357.91
10453072,6dThtnWK9MNG-AXP8km3yA,1502,-31.33,-18.91,3.39,1.79,40.76,-74.0,298.04,89.3,0.04
10363090,MKN9_xdbMloGHJ_1Y4pLHQ,1502,-61.5,1.86,1.01,0.55,40.81,-73.96,298.94,89.1,359.85
11559137,LilRBYc4N4T-_afxTI_NBw,1502,94.92,-2.03,1.44,0.76,40.77,-73.95,28.71,90.84,358.7
11607823,gPH2pq10eWgHmy0hGrmfzg,1502,86.56,-6.97,1.73,0.61,40.72,-73.99,111.55,90.49,359.12
12076619,6hIL3LsnGibtFDACLj_UFQ,1502,59.58,-0.14,1.16,0.69,40.77,-73.95,28.76,89.33,359.63
12839202,MOweUbWfcs-6ZMcXksgkRA,1502,-78.4,-0.86,1.26,0.48,40.81,-73.96,298.45,92.14,1.85
13271311,GAuaZaOrSwlJLpfISYia6Q,1502,59.22,0.83,1.1,0.69,40.77,-73.95,26.24,89.4,358.77
13813482,ED5AGTmEAS4_XDtT4nEaGw,1502,-30.42,-7.67,3.04,1.72,40.74,-73.99,208.5,89.88,357.91
13787176,E3mz_AU-OhOLvwBCQ7pMtg,1502,-52.82,-0.1,1.49,0.62,40.86,-73.93,31.1,88.6,1.74
13836630,dqZKPY-UQRZbfC8f8V17Wg,1502,33.67,2.96,0.8,0.55,40.77,-73.95,31.84,90.42,1.32
14401861,-IY4pVP8ONo5nOHFgZnF0w,1502,65.53,1.83,1.82,1.03,40.77,-73.95,28.2,91.25,1.7
14401871,-IY4pVP8ONo5nOHFgZnF0w,1502,67.09,3.34,1.79,0.89,40.77,-73.95,28.2,91.25,1.7
14410648,yaA9qKtEIM9bvqxfBuJblQ,1502,62.41,-0.14,1.35,0.79,40.76,-74.0,119.92,89.67,359.23
14567716,-dCfilcadoqsF4a3tZ4_AQ,1502,-164.1,-11.04,2.11,0.8,40.76,-74.0,300.27,88.78,0.82
14545825,RSgoGRg671QyVYWLO19ptw,1502,94.34,3.41,1.78,0.62,40.77,-73.95,29.66,90.06,0.8
14545875,RSgoGRg671QyVYWLO19ptw,1502,98.05,2.83,2.1,0.83,40.77,-73.95,29.66,90.06,0.8
15476770,S4XmCsKXpsoB48rbSMc5FA,1502,-89.83,-0.1,1.03,0.34,40.8,-73.94,300.55,92.25,1.46
15417846,kRVuelsCo90Kxp2I1Zq33g,1502,-31.98,-9.94,1.18,0.6,40.86,-73.93,8.91,89.32,0.16
15580796,GOklyOOqiFmdrJW49vBKwg,1502,104.9,-1.07,1.42,0.76,40.77,-73.95,28.73,90.11,359.69
15660276,SGrMPRbmCQU3ISCwrO7TKQ,1502,60.16,0.1,1.67,0.9,40.77,-73.95,31.93,90.29,0.28
15674472,p_BlS3eQfM6gYDoCWo8ZEg,1502,130.88,-1.17,0.87,0.55,40.77,-73.95,28.8,91.11,358.78
16079216,vahJYvaNko9zlrzzZrL_kQ,1502,84.54,4.3,1.2,0.62,40.8,-73.95,28.54,89.72,2.76
16120328,LWFI47eNepS22d3aeZ7nrg,1502,-87.17,3.1,0.83,0.41,40.81,-73.96,298.6,96.0,0.43
16911562,qi5ZvT-tag__XWBJhMjZ0g,1502,-171.88,-6.36,1.15,0.34,40.76,-74.0,301.26,88.14,0.69
17131483,fj014mQmz8CdhjDmZU32Pw,1502,119.77,-6.29,3.26,1.57,40.82,-73.96,29.85,93.2,0.48
17269886,Ov4_tbWjgx3pJHsX-fQXXA,1502,-78.27,-0.76,1.52,0.69,40.58,-73.98,171.62,90.53,1.27
17435386,kFovlvvmt5DSSJ5l0WvyLQ,1502,73.0,-0.83,1.5,0.41,40.86,-73.92,29.01,89.52,0.89
17583255,5ViHL2YKMkzymGLWusTp2Q,1502,0.53,-14.74,1.07,0.58,40.8,-73.94,210.07,89.63,0.14
17621616,CASE-ucR-HqsabfGswuBsg,1502,120.26,-0.48,2.9,1.38,40.78,-73.95,117.83,89.75,357.85
18056856,DBUwBEFUSy5jl_2dBYWV6w,1502,138.89,-0.97,0.89,0.55,40.73,-73.98,118.45,89.54,0.49
18123900,YWYgePEhNcd3tUz4S3imOw,1502,40.54,1.17,0.69,0.41,40.77,-73.95,28.7,90.47,359.86
18299792,f8CTIVFet18Fir0aWTE8gg,1502,-127.59,4.13,1.22,0.55,40.77,-73.95,26.15,91.65,358.46
18299941,f8CTIVFet18Fir0aWTE8gg,1502,104.64,0.03,1.29,0.62,40.77,-73.95,26.15,91.65,358.46
18452073,a1oJJtuJ1JZwri6AQEYoyQ,1502,38.49,0.69,0.77,0.55,40.77,-73.95,30.28,89.61,0.07
18520098,eujtl6WGU1t0fBdV18BdOQ,1502,46.55,-0.45,0.9,0.48,40.77,-73.95,27.0,91.37,358.87
18537010,e7KhPbXjGKIO-8JBE_v4gA,1502,72.59,2.55,2.19,0.96,40.78,-73.96,207.94,88.05,358.58
18774401,-T1_zGlZ_gcnJFbynmqlAw,1502,-52.82,5.78,3.68,1.91,40.83,-73.95,298.55,88.83,358.91
19112058,UMq9LfC3TeQe7qSl28cQCA,1502,59.32,3.93,3.29,1.54,40.73,-73.97,138.02,88.04,1.76
19598376,htpERAxey9pZzF0bmC5afQ,1502,86.69,-2.45,1.72,0.62,40.82,-73.95,209.34,87.16,0.68
20117544,0fiklLOTr6lALC7kj2Gr5A,1502,32.38,6.02,2.11,1.5,40.85,-73.93,28.8,93.17,0.57
20245205,BWviYvqRuSps_CAAqEaIKg,1502,-116.8,0.52,1.12,0.62,40.82,-73.95,95.26,91.45,3.49
20501124,SyVhhKYgmGa3XnFv4UWsbg,1502,54.13,3.17,1.28,0.55,40.77,-73.95,31.05,90.03,0.76
20501192,SyVhhKYgmGa3XnFv4UWsbg,1502,56.57,2.83,1.46,0.83,40.77,-73.95,31.05,90.03,0.76
21373457,dg1DkRKRAsOymBD4nYe7Rg,1502,144.5,2.52,0.81,0.62,40.77,-73.95,28.57,90.5,1.21
21851662,VopGQFaGZ46bdMobDKrrPw,1502,90.38,0.1,2.0,1.03,40.77,-73.95,31.91,90.02,0.59
22085828,yfk7KmpUzle4XsJQ-aP1SA,1502,-19.19,1.45,0.96,0.55,40.8,-73.94,299.14,91.98,359.53
22200521,e3Z-pLgrRZl8FJBHeefcVQ,1502,-12.36,-7.14,1.67,0.54,40.76,-74.0,298.62,89.0,0.52
22506006,fGOE10-LoaP0LOSXIk7Fbw,1502,43.9,-4.82,0.78,0.55,40.73,-73.97,137.39,87.0,358.68
22659252,q_taVoiOdxYoknOErS9Hkg,1502,69.4,-0.9,1.45,0.69,40.77,-73.95,28.63,91.48,359.81
23003173,5wrABZb3RMZPWtBhW7oP-g,1502,61.02,-2.21,0.57,0.55,40.73,-73.97,137.35,87.02,359.83
23688414,7LE5LHuYnToe59_rOdZlGw,1502,64.37,-0.17,1.36,0.77,40.77,-73.95,31.67,89.21,359.55
24032730,9KUuAuOLiLULJYBUM1rXAw,1502,67.71,-0.34,1.24,0.55,40.77,-73.95,28.15,91.64,358.75
25403229,8kAlu7qLbaKmTdqc07UMlw,1502,34.89,5.74,1.38,0.48,40.61,-74.01,128.7,90.91,2.18
25403256,8kAlu7qLbaKmTdqc07UMlw,1502,38.52,2.0,1.73,0.7,40.61,-74.01,128.7,90.91,2.18
25403308,8kAlu7qLbaKmTdqc07UMlw,1502,24.68,1.21,0.79,0.48,40.61,-74.01,128.7,90.91,2.18
25558669,TGSER-JFTCCXiY1dyF6f9g,1502,-149.89,1.55,1.08,0.34,40.63,-73.96,254.45,91.58,0.28
25560953,FVN_5Q-rZLXWhQHNGISrPQ,1502,-126.17,-1.1,1.21,0.41,40.61,-74.01,308.1,90.32,1.23
25527097,agaDga9Zy77-xqWjzbiu_w,1502,84.37,8.12,1.87,1.17,40.61,-74.01,37.99,90.36,0.77
25527132,agaDga9Zy77-xqWjzbiu_w,1502,89.76,1.41,3.8,1.19,40.61,-74.01,37.99,90.36,0.77
25642381,hPdbzuC4OnB28a88aOmNZg,1502,-17.32,4.61,1.01,0.55,40.61,-74.01,164.68,88.99,1.0
25573548,A9ELEnvoNI3fi9U4zDwHEA,1502,-123.33,-2.41,1.52,0.55,40.61,-74.01,321.09,88.54,3.19
25702981,HmVXQli5U_bPI3IyrYrfZg,1502,23.78,1.35,0.66,0.34,40.61,-74.01,38.15,90.68,359.36
25705539,oeIIifjZtFXrA150iqqjdA,1502,130.17,3.38,2.32,0.82,40.61,-74.01,122.44,90.35,2.32
25819904,zvdiaf0e6q2BL9aZ7dqWSg,1502,-124.0,2.34,1.06,0.41,40.61,-74.01,307.7,89.43,359.96
25866358,KHI0OhoYDbPECrwJ-RLbHA,1502,-102.73,-1.66,1.74,0.55,40.61,-74.01,308.21,89.48,1.3
25785555,2Z8BfzP9s_HQedhqexW59w,1502,132.67,-0.55,1.09,0.41,40.61,-74.01,37.73,88.67,359.64
25785644,2Z8BfzP9s_HQedhqexW59w,1502,146.63,2.86,1.32,0.34,40.61,-74.01,37.73,88.67,359.64
25785654,2Z8BfzP9s_HQedhqexW59w,1502,149.29,-0.72,1.1,0.48,40.61,-74.01,37.73,88.67,359.64
25891973,KwKqxLDwqihXTr_QjHoRvg,1502,105.26,6.87,1.48,0.82,40.61,-74.01,39.55,92.07,359.81
25945683,BAW1LLaDf2UgxL1N6zyjYA,1502,-9.23,1.03,1.08,0.41,40.61,-74.01,199.92,90.93,1.47
25901679,nqDgc8Zrtu0C-z9qHSC7og,1502,151.18,-12.26,2.04,0.72,40.69,-73.98,302.34,90.95,359.66
25846499,3xgQOytmpN6HdxCGbiP5Tw,1502,-97.37,5.88,0.96,0.61,40.61,-74.01,211.24,91.01,0.65
25846509,3xgQOytmpN6HdxCGbiP5Tw,1502,-94.18,1.41,2.49,0.76,40.61,-74.01,211.24,91.01,0.65
25843421,kDuWVNpNwuLy9DCssV1UOw,1502,-45.89,-1.03,0.95,0.41,40.61,-74.01,308.87,89.82,1.85
26073741,pK0m9g3xPUHiINHWsZjSkQ,1502,-42.35,-0.28,0.89,0.28,40.61,-74.01,307.74,89.01,2.06
26029122,1blgFs6qQEBWzinG_gqn_w,1502,29.64,1.52,0.82,0.41,40.61,-74.01,38.14,90.87,359.35
26039333,O0kNRsCg0Npl-ndKNP79Eg,1502,77.4,5.43,3.22,1.0,40.61,-74.01,126.3,89.74,3.48
26039359,O0kNRsCg0Npl-ndKNP79Eg,1502,111.28,11.44,1.14,0.93,40.61,-74.01,126.3,89.74,3.48
26039368,O0kNRsCg0Npl-ndKNP79Eg,1502,111.22,10.67,1.17,0.73,40.61,-74.01,126.3,89.74,3.48
26096162,DYWvXVIDh0Y96s1OKAEAtQ,1502,46.1,4.61,1.24,0.55,40.61,-74.01,130.35,89.74,0.11
26047862,8MHybeKVLawojRMt9MVSqA,1502,58.57,10.07,2.02,0.74,40.61,-74.01,127.29,89.88,3.17
26047868,8MHybeKVLawojRMt9MVSqA,1502,62.82,4.75,1.5,0.82,40.61,-74.01,127.29,89.88,3.17
26062026,7lmjgto7vRKPk1aA-htFcA,1502,43.15,5.67,1.21,0.61,40.61,-74.01,37.76,89.34,1.15
26062034,7lmjgto7vRKPk1aA-htFcA,1502,75.79,-1.17,1.62,0.55,40.61,-74.01,37.76,89.34,1.15
26203810,yLdn2IeeH3wY1uJ6RwOpkQ,1502,40.32,-10.17,1.5,1.34,40.65,-74.0,215.72,91.11,0.55
26199234,pr83psjlBoDbYyg3gz8qgA,1502,-46.55,4.2,1.08,0.55,40.66,-73.98,28.07,88.52,0.85
26278247,1H56_qDkhAk27Ws-azchkw,1502,-65.6,1.52,2.28,0.73,40.61,-74.01,216.79,89.36,0.83
26309188,J3LZ6RZOYy2eRs_dZ5hb_w,1502,123.14,-13.28,2.53,1.44,40.65,-74.0,215.17,90.86,359.68
26258263,aVmReFEzZ--_CqPY8Ehs1g,1502,-123.63,-5.16,0.8,0.55,40.65,-74.0,38.1,88.52,0.44
26424607,xa7T90FFpc-GmU0McPvb0Q,1502,158.02,0.66,0.76,0.34,40.61,-74.01,120.6,90.14,0.8
26489806,EcwlBQoZ3n-cLjp6hW3lLw,1502,42.82,0.83,1.88,0.83,40.61,-74.01,38.8,89.11,0.05
26492587,XyPwfC_BzpAu29PtBVEFCQ,1502,31.56,4.27,1.01,0.41,40.61,-74.01,37.62,89.32,0.9
26492601,XyPwfC_BzpAu29PtBVEFCQ,1502,52.15,-1.07,1.15,0.48,40.61,-74.01,37.62,89.32,0.9
26455748,NkJIEX-StwiqKhhVnlOpaA,1502,111.16,-0.31,1.02,0.34,40.65,-73.95,174.81,89.45,0.18
26533605,JsCxm0Qql7YQijvjO75swA,1502,-80.23,4.3,1.61,0.62,40.66,-73.98,27.61,88.79,0.98
26544198,rTIBS31vHIhHmHWTKXaspA,1502,-54.19,-3.86,0.85,0.55,40.65,-74.0,37.36,88.71,359.12
26560051,YUDfqr3Xr15PwTpYLe8Lfg,1502,141.05,4.03,1.23,0.62,40.63,-73.96,340.9,90.7,1.99
26560088,YUDfqr3Xr15PwTpYLe8Lfg,1502,157.81,9.27,1.03,0.47,40.63,-73.96,340.9,90.7,1.99
26577837,1Tcia6Lb7kVWeBbBrXYKVw,1502,150.46,1.83,1.02,0.48,40.61,-74.01,37.98,88.6,359.73
26639967,k9rGDzN-Vn610Tv_rvwAYw,1502,76.93,5.81,0.94,0.75,40.61,-74.01,39.15,90.79,359.2
26591561,idxYW9Ltsfyeo3po_uRCPw,1502,150.38,2.59,0.83,0.34,40.61,-74.01,38.77,89.87,359.38
26732665,b02EOKdxmlvjLdPsG5fJPQ,1502,-128.68,0.45,1.09,0.34,40.61,-74.01,308.03,90.35,0.58
26732732,b02EOKdxmlvjLdPsG5fJPQ,1502,-115.91,3.27,1.05,0.34,40.61,-74.01,308.03,90.35,0.58
26732737,b02EOKdxmlvjLdPsG5fJPQ,1502,-113.9,0.28,0.66,0.41,40.61,-74.01,308.03,90.35,0.58
26668126,ySV5_nu4-YUcHmqUaEoaJw,1502,-90.07,-1.28,1.38,0.48,40.61,-74.01,218.87,90.15,0.93
26769739,MBy0jkP2WizgDgzZbno2xQ,1502,115.67,0.17,0.96,0.34,40.61,-74.01,63.4,89.55,359.56
26854433,1uQNdipmH8WLMTtVcpoKJQ,1502,59.48,6.73,1.36,0.68,40.61,-74.01,127.97,90.07,1.8
26851424,ViUQ-L3KlnAK1i11Wp9UQA,1502,140.84,-0.52,1.09,0.34,40.61,-74.01,37.96,88.14,0.29
26851464,ViUQ-L3KlnAK1i11Wp9UQA,1502,153.51,2.14,1.12,0.41,40.61,-74.01,37.96,88.14,0.29
26851468,ViUQ-L3KlnAK1i11Wp9UQA,1502,155.53,-0.83,0.76,0.41,40.61,-74.01,37.96,88.14,0.29
26962568,0LvTWjHDla6ZyEecI5_GYw,1502,56.04,3.55,0.93,0.62,40.61,-74.01,37.98,90.77,359.22
26962581,0LvTWjHDla6ZyEecI5_GYw,1502,91.76,-3.2,1.59,0.62,40.61,-74.01,37.98,90.77,359.22
26878612,BBVbu5fwpe9aspzYzCe94g,1502,44.26,1.41,1.37,0.62,40.61,-74.01,128.02,89.78,0.52
26878642,BBVbu5fwpe9aspzYzCe94g,1502,62.29,6.05,1.57,0.55,40.61,-74.01,128.02,89.78,0.52
26878664,BBVbu5fwpe9aspzYzCe94g,1502,65.47,1.59,1.21,0.69,40.61,-74.01,128.02,89.78,0.52
26981842,gon7WL5bh0JMMDB0516IEw,1502,165.38,-4.17,0.95,0.34,40.65,-74.0,203.33,91.81,359.75
27074597,PZJQ3tkl449GjBfR_vKwIQ,1502,-121.85,1.55,0.79,0.34,40.61,-74.01,304.43,90.32,1.67
27108704,xEXwxRVeh25inkOO3ozVSQ,1502,158.19,1.59,0.69,0.28,40.61,-74.01,37.14,88.45,0.58
27170271,__aMTSBZ4Y-iZZeNjNJ-qQ,1502,-108.16,1.59,2.47,0.83,40.61,-74.01,217.49,89.98,0.46
27169140,MI0_miN39GdPhalILYJKWw,1502,-86.25,2.28,0.76,0.55,40.61,-74.01,310.59,89.62,1.04
27229373,4E89vcB56hc4EXc5J5vV5Q,1502,-128.33,-0.72,0.83,0.34,40.61,-74.01,218.6,89.65,0.45
27176727,Flm3Ddj-jby6TMyPcqPP1g,1502,-77.77,-8.8,1.58,0.74,40.64,-73.98,331.96,88.88,1.04
27309301,wcuaC8B7jsZ0QtA3CYXI4w,1502,34.66,3.65,1.05,0.55,40.61,-74.01,130.22,89.9,0.69
27249418,7k8NLFbR-iwnsYsSsXO-uw,1502,-126.76,1.83,1.04,0.34,40.61,-74.01,308.25,88.97,0.94
27194460,tJr39HKTZv7uF61pvLuAWA,1502,136.88,-8.76,1.51,0.94,40.66,-74.0,128.34,92.43,359.87
27356528,p3HLd0w_0TvnJIU2ZncCQw,1502,-73.34,-1.79,1.71,0.56,40.61,-74.01,309.1,90.02,2.46
27217146,7TSLy5SjGwmxCYbKVvwAzw,1502,39.09,2.76,1.46,0.69,40.61,-74.01,37.16,89.58,0.99
27217162,7TSLy5SjGwmxCYbKVvwAzw,1502,98.59,0.86,1.82,0.62,40.61,-74.01,37.16,89.58,0.99
27219884,d7yF-D5jzySzERaG8nEMMg,1502,78.5,5.26,3.66,1.16,40.61,-74.01,39.19,88.93,1.61
27380522,ykdcwLXl6pkYB_3EvMJQtw,1502,132.39,-10.87,1.4,0.73,40.66,-74.0,129.8,92.74,358.52
27569354,_SQFkJbBh4DEpXnzwMQ88w,1502,-45.07,-0.03,0.97,0.34,40.61,-74.01,217.96,90.67,0.42
27569395,_SQFkJbBh4DEpXnzwMQ88w,1502,-31.98,-0.03,0.79,0.34,40.61,-74.01,217.96,90.67,0.42
27577678,N5GD0toQymAB_EQcs7BGlw,1502,-23.6,6.38,1.29,0.52,40.61,-74.01,171.96,88.72,0.83
27577696,N5GD0toQymAB_EQcs7BGlw,1502,-20.43,2.59,1.8,0.64,40.61,-74.01,171.96,88.72,0.83
27661746,yBtpJxRCjmDOit6iBphvaA,1502,93.48,1.59,0.76,0.55,40.61,-74.01,52.82,90.44,1.32
27661753,yBtpJxRCjmDOit6iBphvaA,1502,106.78,8.39,2.35,0.91,40.61,-74.01,52.82,90.44,1.32
27661880,yBtpJxRCjmDOit6iBphvaA,1502,112.64,1.79,2.76,0.96,40.61,-74.01,52.82,90.44,1.32
27615278,UiEIE2-VC3jQ_ieeJlEpcw,1502,113.6,3.55,0.97,0.62,40.61,-74.01,39.56,92.38,1.14
27615321,UiEIE2-VC3jQ_ieeJlEpcw,1502,127.63,9.9,2.01,0.72,40.61,-74.01,39.56,92.38,1.14
27615329,UiEIE2-VC3jQ_ieeJlEpcw,1502,132.36,4.75,2.08,0.84,40.61,-74.01,39.56,92.38,1.14
27866325,L9xiGX1s5LCJ8FQotXQKRg,1502,86.5,-0.86,0.86,0.34,40.61,-74.01,81.93,89.66,358.56
27866340,L9xiGX1s5LCJ8FQotXQKRg,1502,99.1,-0.79,0.94,0.34,40.61,-74.01,81.93,89.66,358.56
27896102,9fuCs-H1I80m9jmS0u7Hmg,1502,-138.41,0.59,1.3,0.63,40.61,-74.01,218.17,89.58,0.58
27896127,9fuCs-H1I80m9jmS0u7Hmg,1502,-94.18,-0.76,1.37,0.55,40.61,-74.01,218.17,89.58,0.58
27973486,mBmErJUDxalNvz5Pgofd0A,1502,24.44,-3.14,1.03,0.62,40.63,-74.0,35.24,91.12,1.22
27924871,qHgGo1EP7TwKQ-0NStp7Iw,1502,-104.62,-0.83,1.76,0.55,40.61,-74.01,307.84,90.39,1.88
28173865,pEfPEILUNHCUSbBsvXZ3LA,1502,19.83,3.69,0.79,0.62,40.61,-74.01,39.25,89.12,1.0
28183635,LeJ8Wl3tunf9t5v0Uk2GBw,1502,-88.65,-6.08,1.17,0.61,40.65,-74.0,37.55,88.48,0.44
28547644,mnoQa-U10GFZwWRoRFBVyQ,1502,-138.84,2.79,1.18,0.62,40.63,-73.96,262.27,91.5,0.6
28547665,mnoQa-U10GFZwWRoRFBVyQ,1502,-124.06,7.24,0.86,0.34,40.63,-73.96,262.27,91.5,0.6
28700392,q377jKRka40tfesxSiP36Q,1502,-116.8,3.03,1.0,0.41,40.58,-73.98,328.32,91.56,0.16
28738384,COQ6SWBgO5kb05rdogr32Q,1502,104.75,5.43,2.1,0.86,40.62,-73.93,175.32,88.53,359.54
28692287,ARNFMnp6VERk1iQ6VD1mxg,1502,116.67,-3.2,2.81,1.17,40.61,-73.96,171.55,90.04,359.97
28833638,IiKQeAmCC0KefRlliG_g8w,1502,-61.38,0.14,1.5,0.55,40.61,-73.98,351.48,90.69,359.76
28783907,2o6UTtdUBGIEQH1IKIFyRw,1502,124.6,1.93,1.85,1.1,40.63,-73.96,354.04,89.15,1.18
28815612,mF29chZFaXMjaIQDtygHqA,1502,71.91,9.64,1.37,0.8,40.65,-73.95,159.75,90.8,1.63
28815618,mF29chZFaXMjaIQDtygHqA,1502,77.07,1.1,1.34,0.55,40.65,-73.95,159.75,90.8,1.63
28822946,3KC1t-n6ZRFgCbRv4SLMrw,1502,49.13,7.41,1.1,0.41,40.65,-73.97,62.02,89.66,2.11
28992015,9NMKKwgKcR0qtq-qpGDsAg,1502,-5.62,-2.41,1.39,0.41,40.67,-73.97,154.73,91.45,1.18
28950846,YBlNI-051-HL4-0pgik8zg,1502,102.89,8.19,1.58,0.51,40.65,-73.97,340.74,90.71,0.5
28960767,vz0dDT9VFrlW4EvNjTDIJg,1502,-50.75,1.21,0.76,0.34,40.67,-73.92,259.28,89.39,2.5
29027276,ms4EMe6q_VfDNxmnabMAmQ,1502,98.26,-11.63,2.77,1.19,40.66,-73.98,122.28,88.2,359.45
29038663,L9gw1c6H6QQ9KYbzoKhKxw,1502,148.12,-0.52,1.24,0.76,40.61,-73.96,171.37,91.44,0.28
29138048,vVH0ZMbEUziY9Estlhmnug,1502,82.15,3.34,1.56,0.48,40.67,-73.93,96.55,87.93,358.29
29587049,PlrsJDUUfTJQjONADfXI-w,1502,102.0,7.55,1.39,0.41,40.65,-73.97,345.84,90.82,0.23
29664639,QiSwcSOV1ej9D1HzX4E3fA,1502,-83.34,2.72,2.45,0.63,40.62,-74.0,308.64,91.27,0.85
29733307,yP_oXxGcInSLPPE7pjHV5g,1502,-92.15,-4.3,0.97,0.34,40.68,-73.98,115.29,91.67,359.25
29871278,SYXhM0gPaCvLge66AXtY6Q,1502,109.43,-1.35,1.86,0.62,40.64,-73.98,125.71,90.5,359.89
29936863,NzECJEGkAGGzn86iGCrqyw,1502,34.93,2.96,1.18,0.69,40.63,-73.96,81.8,87.78,0.62
29936888,NzECJEGkAGGzn86iGCrqyw,1502,50.43,8.09,1.09,0.54,40.63,-73.96,81.8,87.78,0.62
29843938,MB25tGzCRhhN0fjm-11_7Q,1502,72.18,-0.79,1.1,0.34,40.65,-73.95,174.69,89.38,359.48
30070530,AF1QipOetJE1il-k7KyDT3EUjWoLxw2qHEgjG7S-lOYR,1502,142.88,4.2,2.44,1.24,40.63,-73.96,62.78,87.29,0.93
30022945,k5UflHaKxeYS1lQOTbkUeA,1502,119.2,7.85,1.29,0.61,40.63,-73.96,349.19,89.65,0.59
30023009,k5UflHaKxeYS1lQOTbkUeA,1502,124.04,0.97,2.2,1.13,40.63,-73.96,349.19,89.65,0.59
30173118,aTPcjot7skjy19_HZirMiA,1502,-78.14,-2.14,1.07,0.55,40.68,-73.96,346.33,90.56,358.8
30316878,wxE7p0sY3GjcKuwBAMcGOg,1502,-66.29,-4.3,1.17,0.48,40.62,-73.92,354.52,89.86,0.34
30342503,WkNAEVInevzpODnAP-1yuQ,1502,34.52,-1.07,0.71,2.08,40.62,-74.03,302.78,93.43,1.48
30599603,Yv3GpqeyiBwG1N9QathvOQ,1502,92.48,19.92,3.03,0.98,40.68,-73.97,100.16,90.0,0.0
30611149,iKVAzKNSeCLLEZOqPhmRNw,1502,-137.82,1.24,1.1,0.55,40.63,-73.96,261.26,90.6,359.48
30502316,LH5t9Ac23X9-k-AAs_MAdQ,1502,101.63,5.81,1.72,0.61,40.67,-73.92,78.17,89.11,1.78
30685127,EPx8LEPiDkgGTZuCGTpXTQ,1502,47.96,4.99,1.1,0.34,40.65,-73.97,351.41,89.69,358.67
30770917,ApV-0Md0SkUAKPWAFFea9w,1502,-114.11,0.38,1.2,0.62,40.67,-73.92,256.13,90.65,2.75
30922137,ttskmbLrQz95dZbIpvVsOQ,1502,86.47,0.03,1.79,1.17,40.59,-73.98,307.81,89.76,1.05
30946820,zMcAQCmkf6KiixnNya3Qfw,1502,-99.88,4.99,2.23,0.89,40.63,-73.96,262.55,91.86,0.19
30974110,c1WNWRiJoDvIhV5OKgyCJw,1502,40.73,8.49,0.93,0.4,40.63,-73.96,81.95,89.08,0.16
30974152,c1WNWRiJoDvIhV5OKgyCJw,1502,40.76,8.05,1.03,0.47,40.63,-73.96,81.95,89.08,0.16
30974174,c1WNWRiJoDvIhV5OKgyCJw,1502,44.62,2.9,1.45,0.83,40.63,-73.96,81.95,89.08,0.16
31070157,8zKiPKiaOc263uvoBuOwUg,1502,132.97,2.9,0.61,0.55,40.67,-73.92,328.64,91.47,359.51
31097041,IEmHQDXt9frz_GS4n6BQ1A,1502,75.58,7.75,2.39,1.76,40.58,-73.96,253.04,90.1,2.45
31271081,UHZzY-OywKGEIPbDmK_E_g,1502,-114.71,2.14,0.97,0.41,40.58,-73.98,316.13,90.14,0.54
31223905,iyFPRN3uzVeeMR8Gy2Aenw,1502,103.18,2.17,1.37,0.48,40.65,-73.95,173.1,90.9,2.35
31456540,sA3JdBYnctsSUtDOU0r_kw,1502,-133.07,2.86,0.69,0.34,40.58,-73.98,350.76,90.55,359.92
31555847,KG12UHDrefI18mjEeWgtkw,1502,-2.21,-2.28,1.7,0.55,40.67,-73.97,155.79,91.17,1.37
32097388,wfbo_AwRCTZAyp8YzpBI5g,1502,-164.42,3.45,1.22,0.55,40.63,-73.96,277.5,92.3,359.36
32099705,YKYbAtei_lyyM24ZvKeRNg,1502,-48.44,-7.78,0.86,0.74,40.64,-73.99,308.25,90.67,359.01
32099715,YKYbAtei_lyyM24ZvKeRNg,1502,-48.45,-2.1,2.06,4.06,40.64,-73.99,308.25,90.67,359.01
32145052,al-PuyEoDMofImowybhnqg,1502,85.6,-3.69,2.1,0.93,40.64,-73.98,127.44,89.64,357.72
32188454,BG_2QA0LvXPgo66JFxNXhw,1502,35.29,7.58,0.85,0.34,40.63,-73.96,82.44,88.59,0.33
32188483,BG_2QA0LvXPgo66JFxNXhw,1502,25.22,2.83,0.76,0.55,40.63,-73.96,82.44,88.59,0.33
32188554,BG_2QA0LvXPgo66JFxNXhw,1502,38.59,3.07,1.34,0.76,40.63,-73.96,82.44,88.59,0.33
32242107,EPdkpt7G2VF5QYhz6rRRhg,1502,26.53,1.24,1.03,0.41,40.61,-73.97,183.24,89.41,2.45
32482079,CE5Zij2P5hXllkIZ9oNQgA,1502,82.69,0.38,0.96,0.34,40.67,-73.92,93.27,89.41,359.24
32509583,j95BYxzaCLKjpOtT1BJSpA,1502,164.67,1.97,1.02,0.34,40.61,-73.97,127.82,89.5,359.78
32682822,r-R4YYYOU1qYjSApDQ4rlg,1502,99.7,8.8,1.21,0.47,40.65,-73.97,15.03,91.7,0.96
32588719,1gRyQILygkGNnCTdxssfyg,1502,51.01,8.56,1.02,0.4,40.63,-73.96,81.41,89.21,0.35
32763853,1b0msi-sZXKGZE8qZO-02g,1502,-87.69,3.72,2.27,0.96,40.6,-73.96,260.43,90.13,1.68
32859720,xgD_uWTWHrXiOhROtgsFsQ,1502,54.8,11.1,1.27,0.53,40.63,-73.96,81.79,87.61,0.35
33395920,jLJb1AoZ1eBxL6FSvdkoZw,1502,37.18,3.03,0.68,0.55,40.64,-73.98,134.32,91.8,359.09
33396836,7YdOYN4vBXWew62SJ7zPVQ,1502,139.37,1.03,1.17,0.55,40.63,-73.96,350.52,89.9,1.28
33469489,Y44Irsbc0O2z1EfrT9JZ4g,1502,138.48,8.02,1.31,0.68,40.61,-74.0,126.37,89.65,1.39
33644838,VeXZlXBHdoSzsrjSCf5J0Q,1502,-179.5,3.14,1.01,0.34,40.65,-73.97,278.52,89.22,1.13
33660220,-ChfsEZoG8eSptJx7qiysg,1502,-56.8,1.55,2.71,0.9,40.61,-73.98,353.62,90.5,0.34
33665103,tG79vF0KBGusmUc1DK4IbA,1502,-56.03,2.03,1.66,0.9,40.63,-73.96,262.54,91.82,0.77
33721505,csjG8MR_8Jf13S7eo4Mt-A,1502,-29.62,-9.03,1.99,1.09,40.68,-73.94,79.5,89.53,0.02
33828658,kH2BuEWAy8ET2rkU3BMLEQ,1502,-61.59,-1.14,1.5,0.62,40.61,-73.98,351.31,89.2,359.74
33908137,UJCoE4XutBtTKPee67ACLg,1502,-25.57,-9.1,2.21,1.14,40.64,-73.98,171.25,89.07,359.34
33914519,bSSYhtmsJF4QxepzfYpO7A,1502,91.48,1.38,1.31,0.69,40.63,-73.99,127.99,89.6,0.64
34185508,YaGbSZHufq8oeKBGpdgy_Q,1502,50.64,5.81,1.23,0.34,40.65,-73.97,351.9,89.29,358.95
34132109,GnTQ6E0_D6zN4fjCi_VIcw,1502,86.47,5.5,1.54,0.82,40.67,-73.92,78.6,89.43,2.77
34198423,aOmj3bd-zoYfWiZG2oUOmw,1502,136.72,-2.1,1.79,0.9,40.61,-73.96,171.61,90.01,359.95
34205055,QHiMZxhbglpr8Nu0-hINxg,1502,-85.87,-4.34,1.51,0.55,40.68,-73.96,351.04,90.77,359.23
34242756,48FpZl46pph9-JjuY035Fw,1502,121.53,1.38,1.08,0.69,40.63,-73.96,352.84,90.32,0.74
34242763,48FpZl46pph9-JjuY035Fw,1502,135.14,6.59,0.97,0.41,40.63,-73.96,352.84,90.32,0.74
34251122,HnEkZ54cfCVJm3PYhnES1g,1502,-86.76,-0.31,1.93,0.76,40.62,-73.94,351.94,89.76,0.46
34347868,gwiKgfeinQHQbxtP8gbNhA,1502,27.12,5.13,0.87,0.34,40.65,-73.97,63.26,90.22,3.13
34420610,4JEiiKdARiZfuBN05WlzRQ,1502,155.89,3.14,0.96,0.34,40.63,-73.96,350.11,91.59,1.54
34730128,O4zVnmpMgZnJG4g1qQAUJg,1502,-131.45,-13.08,1.44,0.92,40.67,-73.9,168.2,88.9,0.42
34744004,m08JMRvBShVSlgWPOLGHAw,1502,45.66,1.28,1.89,1.09,40.63,-73.96,352.5,89.53,1.2
34744028,m08JMRvBShVSlgWPOLGHAw,1502,105.35,-0.48,2.33,1.28,40.63,-73.96,352.5,89.53,1.2
35374816,02t-kg1ExxADkeWVAOTC_Q,1502,-136.76,-13.77,2.41,1.24,40.64,-73.95,175.79,89.93,358.34
35588592,7HVd5hdE-Dt3JOttvy6Yfg,1502,-163.85,1.83,0.83,2.55,40.62,-73.96,171.07,90.76,1.6
35635929,e3Bzlt2p72hpYTarrdGLjg,1502,98.22,2.31,2.44,1.04,40.63,-73.96,351.47,89.52,359.82
35632495,CPBboXYRAtAGFU8WEd_czA,1502,39.06,6.15,1.01,0.34,40.65,-73.97,62.85,90.05,1.9
35563544,6zplj6OOkxc8p_FYeW9MfA,1502,88.36,6.46,3.19,1.5,40.63,-73.96,81.84,86.56,1.34
35803062,UayPGrw7Ov-wvH962eAALw,1502,-137.46,2.17,1.22,0.62,40.63,-73.96,262.26,91.78,359.87
35876306,-D_aeW-r7XOKk3t3RPoOHg,1502,-61.01,-9.43,1.57,0.94,40.61,-73.98,306.97,90.94,0.94
35826458,J0D7IQ1zk0fb88Vz7CA4Fg,1502,-89.0,-10.84,1.59,0.93,40.61,-73.98,307.26,90.26,1.45
35826461,J0D7IQ1zk0fb88Vz7CA4Fg,1502,-89.05,-11.7,1.55,1.06,40.61,-73.98,307.26,90.26,1.45
35857500,M1PmhatiDi_soq1-f0q8LA,1502,38.2,0.62,1.09,0.55,40.61,-73.97,171.99,89.18,0.68
35978163,2qY58MgHXSJ6fjrl2qfOkA,1502,-140.59,1.38,1.07,0.55,40.63,-73.96,260.78,90.71,0.45
35978197,2qY58MgHXSJ6fjrl2qfOkA,1502,-150.9,1.48,0.7,0.48,40.63,-73.96,260.78,90.71,0.45
36044485,MPxrmsoBVPvPJovZhB2AYA,1502,69.84,-0.52,1.79,0.62,40.62,-73.96,351.72,90.92,359.65
36089657,wtwYGaDfTGLn0bBgss-8Lw,1502,-136.19,2.89,2.2,1.01,40.61,-73.98,352.62,89.07,359.71
36089666,wtwYGaDfTGLn0bBgss-8Lw,1502,-134.41,-0.1,1.03,0.48,40.61,-73.98,352.62,89.07,359.71
36183519,0AsvbEDFwrahFoZ9HqJakg,1502,97.85,-4.44,1.42,0.48,40.65,-73.95,159.6,89.87,358.0
36268258,pT0RxZ9KoNLmMfHXgarPNw,1502,-167.34,-1.21,1.12,0.34,40.66,-73.89,61.48,88.99,1.09
36301039,avvbr17qoH2SNt9LY8lyXQ,1502,174.06,2.96,1.14,0.55,40.63,-73.96,326.76,91.13,1.15
36623337,zV8hv4MYj8hLwNx5JB2sPg,1502,126.5,1.66,1.3,0.55,40.59,-73.95,102.27,89.57,358.44
36692214,JjBCJ7xysHcra8fO25jL1g,1502,-62.58,-0.76,1.3,0.69,40.62,-74.0,303.14,88.77,0.09
36754066,Bid696FccLK_YHkpami1mQ,1502,126.66,2.34,1.1,0.69,40.63,-73.96,350.85,90.63,1.52
36754071,Bid696FccLK_YHkpami1mQ,1502,141.83,7.71,1.16,0.47,40.63,-73.96,350.85,90.63,1.52
36718514,qegCDM-pBuCOb8Gs1jV3cw,1502,71.7,10.37,3.02,1.07,40.61,-73.98,128.83,89.34,359.54
36934422,f2XtXfnHdn0DLB9kpCi7nw,1502,55.94,0.48,2.06,0.83,40.63,-74.03,196.77,89.58,0.92
37188563,31rb0akm1K40YSwl8p_COA,1502,-134.66,1.41,2.07,0.9,40.61,-73.98,353.69,89.34,358.93
37522775,FGnFROJC7Pi47xbMGsojuQ,1502,128.36,6.32,2.04,1.09,40.63,-73.96,81.0,87.37,1.05
37588951,-3r94mwQrnJsGMvtPhsaYA,1502,145.41,2.45,1.13,0.48,40.63,-73.96,351.18,90.27,1.62
37611685,RaTRd7NIYyqBb24byQwNhw,1502,153.07,2.34,0.87,0.41,40.63,-73.96,350.91,91.62,1.22
37670013,EDUR4SrLW0oFTGJvjEGhEw,1502,77.5,4.65,2.88,1.17,40.63,-73.96,79.66,88.76,0.81
37721207,4T40jPSxQuveGeGoHkEjOA,1502,118.82,-1.28,1.09,0.48,40.64,-74.02,128.16,88.43,1.09
37767389,gBd7_DVzQB78s8-taZPiBQ,1502,65.5,2.17,2.12,1.04,40.62,-73.96,351.71,89.17,0.8
37895451,DQ338B0xBHug728kR8mx1Q,1502,-21.53,-5.78,1.66,0.69,40.64,-73.95,175.43,90.25,358.21
37949083,A2Ncu4ZKgWCweWmKfJ9xAw,1502,111.16,3.24,2.34,0.97,40.63,-73.96,15.51,91.24,0.59
38054939,W1e7a06F-519NLu2GUQkCw,1502,-65.88,-6.3,1.07,0.45,40.62,-73.92,355.62,91.18,359.6
38054940,W1e7a06F-519NLu2GUQkCw,1502,-65.86,-6.73,1.02,0.54,40.62,-73.92,355.62,91.18,359.6
38273229,ie381y61JkakRdcb1lNrWA,1502,23.64,9.33,1.03,0.34,40.63,-73.96,91.61,88.44,0.76
38273300,ie381y61JkakRdcb1lNrWA,1502,27.73,3.99,1.64,0.82,40.63,-73.96,91.61,88.44,0.76
38273311,ie381y61JkakRdcb1lNrWA,1502,23.66,10.0,1.02,0.47,40.63,-73.96,91.61,88.44,0.76
38287377,gY388zt7l0oYFNbNtYF1Tg,1502,39.95,5.26,1.52,0.91,40.63,-73.96,81.43,88.22,0.67
38287405,gY388zt7l0oYFNbNtYF1Tg,1502,61.31,12.46,1.27,0.59,40.63,-73.96,81.43,88.22,0.67
38227162,6Q-s0N3GQ9-7KMV4kXg0KA,1502,114.91,0.14,0.96,0.55,40.64,-74.0,218.27,88.03,0.49
38377004,c14o3S0Oa5vCC7jG0rjoAA,1502,-66.22,-1.04,1.55,0.91,40.62,-74.0,304.99,89.34,359.79
38547235,dqn8Vkdy7bQ3MOmkcw8tkw,1502,-106.21,0.24,1.43,0.62,40.63,-73.96,257.36,89.93,0.62
38490127,Kk5j2t56wXi702Ji2ha0Qg,1502,-34.23,3.17,0.8,0.55,40.63,-73.96,262.23,90.76,0.78
38672171,V8lcPHtmjHTNsZs93ig_xw,1502,76.26,8.19,3.1,1.15,40.63,-73.96,81.5,87.66,1.11
38690004,Ay0yLMdhFyaO_XvQXDe5kg,1502,-25.77,1.76,0.48,0.48,40.67,-73.92,259.78,90.49,1.0
38770139,ej54zsAURx9nFBcoNN_FbQ,1502,80.09,0.52,1.12,0.48,40.67,-73.92,94.11,88.96,359.64
38780320,SWcOsi9NRhfjyrK9xKrI2g,1502,52.1,4.85,1.15,0.62,40.67,-73.92,79.06,89.18,1.39
39158932,9qw0huO32bqmJ5lGF2pQDQ,1502,31.06,0.9,0.94,0.69,40.62,-73.96,350.46,90.51,0.22
39328315,8kVV8X-jqtbZ64znOxx49A,1502,-72.71,-0.93,0.82,0.48,40.63,-73.96,256.65,92.57,1.26
39396415,Rjfm_G49dgJdkjq1P5h2dQ,1502,-94.92,-2.07,1.03,0.41,40.64,-73.92,355.63,89.43,0.26
39414547,-z088l7Yof3qkahYTM9F8Q,1502,-11.03,-1.72,0.86,0.41,40.67,-73.9,169.83,89.06,359.85
39315642,Fk7bxvBMacp77yYeTR-qxw,1502,59.03,2.34,1.49,0.55,40.59,-73.95,100.66,89.34,357.91
39328277,8kVV8X-jqtbZ64znOxx49A,1502,-94.05,0.0,0.99,0.55,40.63,-73.96,256.65,92.57,1.26
39324868,wzEO_RbAutHgeLMIz5CvwQ,1502,33.04,-0.38,0.73,0.62,40.62,-73.96,350.36,90.49,359.98
39356168,4HkjCTij2pUtrdMgkN3cbw,1502,-112.74,-5.71,1.17,0.41,40.62,-73.92,355.56,91.17,359.81
39505921,vuwy28WYeBZbOmVNt4L-zw,1502,60.92,-17.79,2.41,2.05,40.62,-73.96,260.24,89.4,0.11
39389078,MScE8HFovs8Pf4smIWdULA,1502,41.01,2.76,0.99,0.41,40.59,-73.95,97.96,89.68,359.47
39577722,1BXGeKioFPa_b9UPk4PnDQ,1502,-98.08,3.62,1.23,0.48,40.67,-73.92,94.7,89.61,359.68
39631434,OPf1325a6WrGtfhN4XuCCA,1502,109.77,1.24,2.26,1.1,40.64,-73.98,128.65,89.97,359.33
39784032,UuWw-ExAGrc_RFTNJc7EyA,1502,117.97,-2.45,0.89,0.34,40.63,-73.99,129.01,89.49,358.54
39830974,YDJOW8PDaJV8XmnXQDot1w,1502,70.05,6.97,1.1,0.75,40.65,-73.95,151.28,91.19,0.46
39851429,0OiGUnWHuGs6MnVtfIKEiQ,1502,90.45,8.42,3.24,1.22,40.63,-73.96,80.95,88.25,1.14
39897060,fRnQsgWEYRM60J9wHRtZWA,1502,-34.96,-0.45,0.86,0.34,40.61,-73.96,262.38,90.55,359.89
39931515,vRzIVD_GgqHkxy-8NccbTQ,1502,-72.81,5.09,2.27,0.96,40.63,-73.96,262.42,91.31,0.19
40090766,G7MYmkI1_qDpLwkhk4fxew,1502,96.56,5.95,1.43,0.61,40.64,-73.98,130.72,89.59,359.23
40240881,enZKOkexWLvZC217ltnnig,1502,75.32,-0.14,1.63,0.55,40.62,-73.96,352.19,89.68,359.31
40237303,qCXjslUTofkvsk2Gwp90eA,1502,31.13,4.03,1.21,0.48,40.61,-74.01,128.33,89.95,1.79
40332391,EbwGU6f8CJk3CzhocrNhDA,1502,45.21,4.58,1.1,0.34,40.65,-73.97,353.04,90.44,358.69
40357918,uykxDg9pKce299FFrgPplg,1502,97.44,-2.55,1.09,0.41,40.63,-73.99,128.46,89.71,358.92
40448917,RE-ffDQJll9GxaFf5vNa3w,1502,-124.59,-3.86,1.0,0.41,40.62,-73.92,354.69,89.67,359.46
40681332,3DGDJAha1hq41RMUaz4QEQ,1502,73.1,-6.32,1.71,0.82,40.65,-73.93,270.88,90.28,0.93
40877105,o7A4xwycFY_BsDughStK0Q,1502,-58.77,15.64,6.83,2.11,40.7,-73.95,159.42,89.2,356.86
40956495,t3nNfUfQcB-ddW6MKurr7g,1502,-78.7,-7.22,1.22,0.51,40.62,-73.92,355.81,90.81,0.25
40990532,MBfQzZJ5KElkcTRDXAP4ww,1502,-114.17,-4.47,1.25,0.62,40.62,-73.92,354.51,89.62,359.82
40994112,AQVbMIKxZ1r4TwGod_7TZg,1502,53.09,5.84,1.35,0.42,40.65,-73.97,354.16,89.95,0.43
41059590,0sYzUDFO5JC2zT3o0KBaIg,1502,-70.62,1.76,1.65,1.26,40.62,-73.93,354.87,89.4,359.46
41218263,O4o4MtfFr_jODwQqawnT3w,1502,-69.41,1.83,1.21,0.48,40.67,-73.92,258.36,90.39,1.25
41149316,guy4fzfJrvXO6xhlGrskeA,1502,-127.01,-0.97,1.96,0.97,40.7,-73.92,215.28,89.39,359.53
41304556,F4tpRJHIN2nnzeSRfaihUA,1502,-80.79,2.15,1.85,1.34,40.62,-73.93,355.57,89.1,359.06
41348915,9IFIERCK16YzT69gZND6vg,1502,-130.39,3.14,0.82,0.34,40.58,-73.98,349.58,90.35,359.42
41279593,o601ahGA2x3V-bZBgoCOpw,1502,-127.96,1.28,0.88,0.34,40.67,-73.92,259.83,90.82,1.65
41401659,_P5lH2EKAlsDBjltGQu30Q,1502,93.1,-1.72,1.93,0.58,40.64,-73.98,127.5,88.95,359.57
41380625,d60X5KRMGol6Q1xtaC2-ig,1502,52.07,4.75,1.22,0.55,40.67,-73.92,78.19,88.47,1.31
41481228,KrqjYzALU7QdL40aKx56xw,1502,54.67,5.91,1.28,0.42,40.65,-73.97,351.55,89.93,359.02
41597252,-wY7imH7wz8tYPfjm0uFLQ,1502,-81.81,5.33,1.42,0.62,40.63,-73.99,307.76,89.68,358.91
41902070,w7J_5W1xFIyCsI9M_kjKkQ,1502,91.0,6.36,3.24,1.29,40.61,-73.98,128.97,90.62,359.41
41851663,VX7FayvUaqFsCuuWPbBgcQ,1502,105.93,7.21,1.41,0.43,40.65,-73.97,344.36,91.03,1.05
41915455,zSkiaMpyahN_5BCE78C4fQ,1502,129.25,2.65,1.01,0.62,40.65,-73.95,175.74,89.39,359.78
42199068,JkX73KY24T1vpFFVkfn-6A,1502,-104.28,2.0,1.35,0.55,40.58,-73.98,315.77,90.3,359.37
42200265,EiuFrlrHvIoYRmb68Ur42A,1502,108.41,-1.41,1.3,0.48,40.65,-73.95,174.39,90.3,1.03
42333357,QIuJvlsV4VhyMQ6eaZYGjA,1502,-37.34,-0.38,0.77,0.48,40.61,-74.0,37.41,89.82,0.55
42455306,hTe1QhT_GZg2f4RIbHSILQ,1502,50.4,-2.1,1.07,0.48,40.64,-73.98,123.67,90.89,359.5
42425586,0oH6VqHuwW-NlxdSxFZUqg,1502,158.74,1.41,0.83,0.34,40.63,-73.96,347.98,90.6,0.23
42520014,nbW2tV4Tq5V-XsK3kgfxTg,1502,-86.42,0.41,1.24,0.41,40.67,-73.92,258.8,89.87,2.66
42557189,nu_wgBqqoKyTaObFIR5Q0g,1502,-116.93,-0.83,1.37,0.55,40.63,-73.96,260.56,89.91,1.58
42497795,VOSrajZxeERX7WbQgWq3LA,1502,-63.75,1.66,2.13,0.83,40.64,-73.99,2.58,90.19,359.91
42497803,VOSrajZxeERX7WbQgWq3LA,1502,-61.04,4.92,0.82,0.48,40.64,-73.99,2.58,90.19,359.91
42566378,tke8aXnJcM2bRC4jFDCtJQ,1502,127.43,-12.2,1.48,0.59,40.7,-73.94,171.46,90.61,0.96
42566390,tke8aXnJcM2bRC4jFDCtJQ,1502,157.09,-7.17,1.1,1.02,40.7,-73.94,171.46,90.61,0.96
42507242,ucgxFNdGiUoFV0b0Xx7ZSg,1502,67.02,-3.38,1.38,0.55,40.58,-73.98,82.16,90.14,0.99
42746930,8R7RRW05mZl3rEB7TpSQ6g,1502,-129.7,2.21,1.09,0.55,40.62,-74.0,306.51,90.63,359.58
42801742,TNWzstuyKzkcvrfzwxHPGg,1502,104.77,-1.97,1.16,0.48,40.65,-73.95,175.46,90.11,0.27
42807299,ED5JLGxa28IDsMqn7uzJ_A,1502,71.19,21.46,0.89,0.54,40.6,-73.98,351.35,89.86,0.62
42926483,CKKockrd7tABoZWyDTMmGA,1502,148.57,1.76,0.85,0.34,40.63,-73.96,354.66,91.22,1.08
43201363,2f7pmMVo0tA8cNVsvs-8ow,1502,30.32,3.27,1.22,0.76,40.63,-73.96,83.48,87.19,359.68
43201370,2f7pmMVo0tA8cNVsvs-8ow,1502,46.38,8.63,1.24,0.54,40.63,-73.96,83.48,87.19,359.68
43201426,2f7pmMVo0tA8cNVsvs-8ow,1502,46.4,9.2,1.14,0.61,40.63,-73.96,83.48,87.19,359.68
43325160,NNh4D3x0iOnZAW2gFLb1JQ,1502,100.37,2.59,2.42,1.06,40.63,-73.96,352.71,90.85,0.09
43634188,ZwTMfhrDKdxP2j-JrdrSBQ,1502,57.69,3.1,0.66,0.55,40.6,-73.99,218.76,88.75,359.2
43775823,9ixnnVk7IHWuUuCAEch8Gg,1502,-44.27,-12.33,3.43,2.3,40.67,-73.89,78.32,88.95,1.72
43824289,L_ErEL9MIv-vYsH55IMfMA,1502,124.53,7.71,2.51,1.29,40.63,-73.96,81.68,87.16,1.65
43971954,7aVzPEnvvS1W5Ap6QuRshw,1502,141.18,4.34,0.82,0.69,40.67,-73.92,79.05,90.6,1.01
44021766,THeuXCIkWFAb21GBEStfnA,1502,20.32,2.07,1.15,0.41,40.61,-74.01,131.38,89.58,2.19
44393988,vxSB-gI9LpMSFosluoUuvA,1502,122.57,3.2,0.92,0.34,40.58,-73.98,84.62,90.78,0.91
